state,county,inperson,total_votes,inperson_pct,pre_covid_cases,post_covid_cases,pre_week_diff,num_prec_pc,pop_2018,med_age,medIncome_2018,pctPovty_2018,unplmtRate_2018,noins_u65_2018,pctUrban_2010,pct_vet,avg_householdsize,pct_snap,pctno_hs,pctcollege,popDens,pct_black,pct_hisp,pct_asian,pct65plus,pct4064,pct1840,pctTrump_2016,inperson_1000,turnout,pre_election_rate,post_election_rate,state_pre_rate,state_post_rate,state_inperson_rate,FIPS,temp_oct,temp_nov
Arkansas,Yell,1882,2204,0.853901996370236,44,150,-2,455.073136754121,21535,37.8,41729,16.3,4.2,120,20.9,0.0672858137915022,2.66,0.117622475040632,19.9,13.5,23.9,0.0156025075458556,0.205340143951707,0.0130949616902717,0.158671929417228,0.322544694683074,0.248804272115161,0.719987478479,1.882,0.0873926166705363,204.318551195728,696.540515439981,438.047995487462,753.062968155085,0.089176378854114,05149,60.1,53.4
Alabama,Montgomery,75122,99326,0.75631758049252,1059,791,137,21.2612341260525,225763,34.9,49640,20.1,4,122,89.5,0.0900944796091476,2.45,0.228000159459256,14.4,32.1,292.5,0.585454658203514,0.0351563365121831,0.0319051394604076,0.121459229368851,0.29858745675775,0.280023741711441,0.358753119316,75.122,0.332747172920275,469.075977906034,350.367420702241,411.672075633747,619.738123203333,0.413973895792258,01101,68.5,60.2
North Carolina,Beaufort,5775,8842,0.653132775390183,222,174,4,59.4745003079929,47079,43.8,46411,18.1,4.6,131,34.4,0.075532615391151,2.37,0.209350241084135,12.4,19.4,57.7,0.24348435608233,0.0800569255931519,0.00548015038552221,0.186537522037426,0.333588224048939,0.221563754540241,0.613500572058,5.775,0.122666156885235,471.547823870516,369.591537628242,290.833062072765,478.19546555055,0.0862412145282666,37013,66.4,58.4
North Carolina,Caswell,3614,5016,0.720494417862839,85,118,1,39.6510705789056,22698,43.6,45517,17.1,4.4,132,0.8,0.0668340822979998,2.43,0.201779892501542,20.5,15.5,55.8,0.31919111816019,0.0415895673627632,0.00590360384174817,0.165433077804212,0.337078156665786,0.206626134461186,0.547598668569,3.614,0.15922107674685,374.48233324522,519.86959203454,290.833062072765,478.19546555055,0.0862412145282666,37033,61.2,53.4
Virginia,Richmond City,39370,114413,0.344104253887233,367,705,-15,30.5966789490478,228783,32,48747,22.3,3.5,133,100,0.062390999331244,2.2,0.170226808810095,15,38.5,3414.7,0.467901898305381,0.0707001831429783,0.0235856685155803,0.0988666115926446,0.280610884549988,0.367378695095352,0.150479287192,39.37,0.172084464317716,160.414016775722,308.152266558267,182.15043171941701,389.75378873485,0.211268319971917,51760,61.1,53.6
Louisiana,Pointe Coupee,7489,12371,0.605367391480074,44,120,-22,127.620783956244,21940,41.4,46603,20.3,5.4,93,42.2,0.0484958979033728,2.5,0.202278942570647,19.7,15.2,40.9,0.353281677301732,0.0288058340929809,0.003281677301732,0.161075660893345,0.325068368277119,0.249544211485871,0.577246832752,7.489,0.341340018231541,200.546946216955,546.94621695533306,162.082310259834,585.753838322842,0.250873072791331,22077,69.7,63
New Mexico,Chaves,3745,7496,0.499599786552828,408,1618,34,97.3890460511061,64689,34.7,43527,18.9,4.9,116,75.8,0.0575832058000587,2.7,0.249980676776577,22,17.8,10.8,0.0141909752817326,0.571998330473496,0.0116248512111796,0.143656572214751,0.286555674071326,0.272642953206882,0.638374919391,3.745,0.0578923773748242,630.710012521449,2501.19803985222,483.86296260239,1510.00177529364,0.067838169576812,35005,60.4,53
Indiana,Shelby,8667,20221,0.428613817318629,229,664,71,89.7001771578499,44593,39.9,57193,11.6,3.1,80,48,0.0751687484582782,2.53,0.0819411118336959,12,19.4,108.1,0.012221649137757,0.0437512614087413,0.00858879196286413,0.138766174063194,0.34368622878030203,0.251070795864822,0.709116253136,8.667,0.194357858856771,513.533514228691,1489.02294082031,485.020796852543,1230.98478483917,0.179473086628298,18145,53.8,47.3
Indiana,Montgomery,3424,17393,0.196860806071408,146,476,62,70.4115161946487,38346,39.4,53700,10.8,3,95,47.2,0.0707244562666249,2.47,0.0831899024670109,10.5,18.1,75.6,0.00962290721326866,0.0498617848015438,0.00839722526469514,0.154592395556251,0.323710426120065,0.246023053251969,0.731805840673,3.424,0.0892922338705471,380.74375423773,1241.32895217233,485.020796852543,1230.98478483917,0.179473086628298,18107,52.7,46.4
Florida,Calhoun,5015,6564,0.764015843997563,60,68,-14,75.4096112977309,14587,39.7,38323,21.3,4.1,149,32.5,0.0805511757043943,2.52,0.168848975114828,21.9,9.9,25.8,0.130047302392541,0.0574484129704531,0.00802084047439501,0.154795365736615,0.284431342976623,0.218345101802975,0.765946925993,5.015,0.343799273325564,411.325152533077,466.168506204154,243.862188120985,510.814309843152,0.295232266750237,12013,73.1,66.4
South Carolina,Dillon,7105,13101,0.542325013357759,66,105,6,62.0935324683813,30599,36.7,33159,32.1,4.8,147,30.5,0.0611457890780744,2.65,0.275303114480865,25.1,11.1,79.2,0.469688551913461,0.0285303441288931,0.0054903755024674,0.13591947449263,0.312003660250335,0.257688159743782,0.481959644323,7.105,0.232197130625184,215.693323311219,343.148468904213,262.404932056182,410.493286261338,0.233667451658859,45033,67,59.4
Arkansas,Carroll,2500,4402,0.56792367105861,107,254,-5,46.0617227084293,28223,44,45023,16.1,3.2,128,27.2,0.0799702370407115,2.39,0.0957375190447507,14.2,20.4,43.6,0.00549197463062042,0.15242887007051,0.0154483931545194,0.181802076320731,0.317613294121816,0.231407008468271,0.635604354354,2.5,0.0885802359777486,379.123409984764,899.975197533926,438.047995487462,753.062968155085,0.089176378854114,05015,56.2,51.1
Pennsylvania,Lycoming,46415,59254,0.783322644884733,122,859,26,71.2626689189189,113664,41.1,53820,13,4.8,67,63.7,0.0872043918918919,2.37,0.149941934121622,10.2,22.8,94.5,0.0450978322072072,0.0206661739864865,0.00644003378378378,0.168144707207207,0.317259642454955,0.249973606418919,0.70535252714,46.415,0.408352688626126,107.333896396396,755.736204954955,206.1441111387,716.12063970966,0.335690470724741,42081,51.2,43.1
Ohio,Auglaize,11749,25940,0.452929838087895,351,618,69,85.145402148284,45804,40,63754,6.9,3.3,60,60.9,0.0627892760457602,2.53,0.0608243821500306,6.8,18.9,114.5,0.0058510173783949,0.0177277093703607,0.00580735306960091,0.154156842197188,0.323203213693127,0.251266264955026,0.793088363955,11.749,0.256505982010305,766.308619334556,1349.22714173435,297.627551426321,989.773506725129,0.210595766675604,39011,52.2,46
Ohio,Sandusky,13492,30453,0.443043378320691,113,539,33,98.641133352608,58799,40.4,53978,10,4.5,65,55.9,0.0766509634517594,2.48,0.0828755591081481,9.8,16,149.2,0.0302556165921189,0.100069729077025,0.00428578717325125,0.15842106158268,0.333611115835303,0.250973656014558,0.583645556728,13.492,0.229459684688515,192.180139118012,916.682256500961,297.627551426321,989.773506725129,0.210595766675604,39143,52.6,46.1
Pennsylvania,Mercer,43085,57954,0.743434448010491,234,972,30,81.3133001454605,110683,42.8,48788,15.3,4.7,69,55.5,0.0895169086490247,2.37,0.167776442633467,10.2,22.6,173.4,0.0572445633024042,0.015566979572292,0.00774283313607329,0.194754388659505,0.326680700739951,0.222301527786562,0.605597451305,43.085,0.389264837418574,211.414580378197,878.183641570973,206.1441111387,716.12063970966,0.335690470724741,42085,51.2,44.8
Ohio,Tuscarawas,23547,44580,0.528196500672948,379,1497,47,87.875368859573,92176,40.9,51030,12.3,4.6,93,58.4,0.0719818607880576,2.47,0.113923363999306,14.1,15.8,163.1,0.00816915466064919,0.0287493490713418,0.00438291963200833,0.164598160041659,0.320853584447145,0.252408436035411,0.651192376771,23.547,0.25545695191807,411.169935775039,1624.06700225655,297.627551426321,989.773506725129,0.210595766675604,39157,53.6,45.9
Oklahoma,Greer,1468,1573,0.933248569612206,25,72,-7,137.433430682013,5821,40.1,37445,26,4,137,47.3,0.0733550936265246,2.34,0.176601958426387,15.8,13.5,9.8,0.0814293076790929,0.120254251846762,0.0030922521903453,0.186222298574128,0.245662257344099,0.192578594743171,0.78164556962,1.468,0.252190345301495,429.479470881292,1236.90087613812,410.821086770009,1037.46336302164,0.28217263717009,40055,59.1,54.4
North Carolina,Buncombe,19508,55760,0.349856527977044,495,799,81,38.2087432411049,259103,40.6,53960,11.5,3,125,75.9,0.0712110627819825,2.3,0.116760516088197,9,39.2,362.9,0.0603003438786892,0.0668691601409478,0.014353365264007,0.147030331566983,0.327190345152314,0.272686923733033,0.411420966939,19.508,0.0752905215300479,191.043716205524,308.371574238816,290.833062072765,478.19546555055,0.0862412145282666,37021,57.8,48.9
New Mexico,Luna,1350,3518,0.383740761796475,565,414,243,70.9427033343071,23963,39.5,30570,27.2,11.9,125,59.4,0.0695655802695823,2.56,0.393314693485791,31.4,12.2,8.5,0.00955639944915077,0.676250886783792,0.0106414055001461,0.204774026624379,0.264699745440888,0.2441680924759,0.48005521049,1.35,0.0563368526478321,2357.80161081668,1727.66348120018,483.86296260239,1510.00177529364,0.067838169576812,35029,64.5,54.3
Iowa,Obrien,3896,7551,0.515958151238247,210,202,64,65.028901734104,13840,43.6,53147,9.1,2,57,33.7,0.073771676300578,2.31,0.0770231213872832,7.7,19.9,25.1,0.00946531791907514,0.0510838150289017,0.00852601156069364,0.21221098265896,0.309898843930636,0.241690751445087,0.780484485574,3.896,0.28150289017341,1517.34104046243,1459.53757225434,641.196273914113,1284.23641455756,0.223692212378581,19141,43.3,38.8
Pennsylvania,Chester,164419,314502,0.522791587970824,623,2351,107,44.0574202273363,522046,39.3,99224,6.7,3.2,59,86.7,0.0480053481877076,2.65,0.0484535845500205,6.7,51.8,664.7,0.0570850078345586,0.0755623067699015,0.0584986763618532,0.122355118131352,0.342971692149734,0.255845270340162,0.433480724731,164.419,0.314951172885148,119.338142615785,450.343456323772,206.1441111387,716.12063970966,0.335690470724741,42029,56.2,48.7
North Carolina,Martin,3574,4783,0.747229772109555,69,106,11,74.9856645053152,22671,44,43569,20.3,5,120,21.9,0.0694279034890389,2.36,0.232367341537647,16.7,16.8,53.1,0.417229059150457,0.0415949891932425,0.00560187023069119,0.189537294340788,0.337964800846897,0.224648229015041,0.495612554843,3.574,0.157646332318821,304.35357946275,467.557672797847,290.833062072765,478.19546555055,0.0862412145282666,37117,65.2,57.3
Georgia,Putnam,2053,5325,0.385539906103286,58,46,4,22.9263148241552,21809,43.5,51205,16.1,5,190,19.1,0.0822137649594204,2.45,0.1696088770691,14.6,22.2,61.6,0.261405841625017,0.064422944655876,0.00641936815076345,0.176303360997753,0.329726259801,0.224540327387776,0.690912946665,2.053,0.0941354486679811,265.9452519602,210.922096382228,231.494442450788,416.646267993412,0.0937936541509914,13237,67.6,59.1
Alabama,Clay,6468,7026,0.920580700256191,88,70,-26,105.461393596987,13275,42,39201,17.6,3.9,159,0,0.0757062146892655,2.41,0.12120527306968,24.5,10.2,23.1,0.138305084745763,0.0301318267419962,0.0024105461393597,0.184482109227872,0.339133709981168,0.243691148775895,0.795800365186,6.468,0.487231638418079,662.900188323917,527.306967984934,411.672075633747,619.738123203333,0.413973895792258,01027,65.1,56.5
Virginia,Danville City,7613,19742,0.385624556782494,135,194,1,41.7762268694862,40693,42.6,36015,25.6,5.1,112,95.5,0.0799400388273167,2.21,0.281522620598137,18,18.4,1002.8,0.504607672081193,0.046420760327329,0.013417541100435,0.201877472784017,0.303860614847763,0.247364411569557,0.387339624642,7.613,0.187083773621999,331.752389845919,476.740471334136,182.15043171941701,389.75378873485,0.211268319971917,51590,60.8,52.8
Indiana,Orange,5129,8976,0.57141265597147906,75,146,-11,112.884191082149,19489,40.8,44968,15.6,3.9,101,16.5,0.0757863410128791,2.49,0.101493149982041,16.7,12.3,49.8,0.014161834881215,0.0177022936015188,0.00405356867976807,0.160706039304223,0.330596746882857,0.240699881984709,0.708267187691,5.129,0.263174098209246,384.832469598235,749.140540817897,485.020796852543,1230.98478483917,0.179473086628298,18117,54.9,48.4
Alabama,Tallapoosa,19212,21068,0.911904309853807,136,232,8,61.7329678741635,40497,42.4,42205,19.7,4.2,118,25.8,0.0783267896387387,2.42,0.187692915524607,19.5,18.3,58.1,0.267797614638121,0.0235079141664815,0.00619798997456602,0.177618095167543,0.334889004123762,0.238659653801516,0.700767401643,19.212,0.474405511519372,335.82734523545,572.881941872237,411.672075633747,619.738123203333,0.413973895792258,01123,65.8,57.7
Louisiana,Calcasieu,35641,82663,0.431160253075741,323,918,-5,60.5577218480444,203112,35.9,50531,14.9,3.8,88,79.5,0.0725215644570483,2.55,0.155288707708063,13.5,21.9,181.2,0.253722084367246,0.0377427232265942,0.0135590216235378,0.119766434282563,0.297830753475915,0.293168301232817,0.646771632865,35.641,0.175474614990744,159.025562251369,451.967387451258,162.082310259834,585.753838322842,0.250873072791331,22019,69.8,64.1
Indiana,Jefferson,6940,14865,0.466868483013791,102,506,58,80.7252856433184,32208,39.7,51031,15.5,3.4,86,54.9,0.0780861897665176,2.42,0.0952868852459016,9.9,17.9,89.9,0.0189393939393939,0.0288748137108793,0.00807252856433184,0.147230501738698,0.32557128663686,0.239102086438152,0.634276799643,6.94,0.215474416294088,316.691505216095,1571.03825136612,485.020796852543,1230.98478483917,0.179473086628298,18077,55.6,48.8
North Carolina,Swain,1647,2410,0.683402489626556,88,63,-16,35.1000351000351,14245,40.8,43121,15.2,4.3,193,0,0.0705510705510706,2.42,0.144682344682345,21.7,16,26.5,0.0106704106704107,0.0554580554580555,0.00702000702000702,0.162934362934363,0.318708318708319,0.265566865566866,0.594617184888,1.647,0.115619515619516,617.760617760618,442.260442260442,290.833062072765,478.19546555055,0.0862412145282666,37173,56.2,47.8
Alabama,Jackson,21055,22270,0.945442299057027,339,570,-25,56.0538116591928,51736,41.4,41929,19.7,4.1,133,23,0.0634181227771764,2.45,0.139400030926241,17.5,14.2,49.4,0.0341348384103912,0.029534560074223,0.00585665687335704,0.169572444719344,0.344479665996598,0.242809648987166,0.800721674284,21.055,0.406970001546312,655.249729395392,1101.74733261172,411.672075633747,619.738123203333,0.413973895792258,01071,63.5,53.9
Oklahoma,Grant,1787,1925,0.928311688311688,35,42,7,161.812297734628,4326,45.8,49073,12.7,2.1,145,0,0.0732778548312529,2.33,0.0698104484512252,9.9,23.1,4.5,0.0166435506241331,0.0515487748497457,0.00254276467868701,0.222376329172446,0.307674526121128,0.231391585760518,0.830454545455,1.787,0.413083680073971,809.061488673139,970.873786407767,410.821086770009,1037.46336302164,0.28217263717009,40053,56.9,51.8
California,Fresno,50605,370068,0.13674513873126,1867,4271,-141,38.6162510056315,994400,30.6,52318,21.3,7.5,88,89.2,0.0402262670957361,3.15,0.202383346741754,24.7,20.7,156.2,0.0463907884151247,0.53467115848753,0.110469629927595,0.0939471037811746,0.269790828640386,0.309287007240547,0.455315187162,50.605,0.0508899839098954,187.751407884151,429.50522928399,146.156018965535,473.459473971519,0.061200232035798,06019,63,48
Ohio,Licking,32970,94899,0.347421996016818,645,1853,65,54.6171395411022,175769,39.1,66145,9.1,4,71,64.5,0.0774880667239388,2.55,0.0998810939357907,8.8,26.2,243.9,0.039603115452668,0.0198840523641825,0.018558448873237,0.125659245942117,0.332641136946788,0.257087427248263,0.621493973476,32.97,0.187575738611473,366.958906291781,1054.22457885065,297.627551426321,989.773506725129,0.210595766675604,39089,53.2,45.6
North Carolina,Brunswick,10342,29171,0.354530184086936,234,473,-28,18.282337799099,136744,47.4,60163,10.5,5.2,137,57,0.108904229801673,2.3,0.106300824899081,9.6,28.6,126.8,0.100179898203943,0.0487333996372784,0.00791990873456971,0.168387644064822,0.339912537295969,0.190582402152928,0.6310311501,10.342,0.0756303750073129,171.122681799567,345.901831158954,290.833062072765,478.19546555055,0.0862412145282666,37019,69.4,60.5
Virginia,Craig,2054,3230,0.635913312693498,9,18,-9,177.725118483412,5064,44.8,50858,11.9,3.5,89,0,0.082740916271722,2.37,0.116113744075829,7.5,18.5,15.8,0.00355450236966825,0.0148104265402844,0.00157977883096367,0.174960505529226,0.371840442338073,0.220774091627172,0.768318965517,2.054,0.405608214849921,177.725118483412,355.450236966825,182.15043171941701,389.75378873485,0.211268319971917,51045,56.3,47.4
Virginia,Russell,8086,13622,0.593598590515343,112,110,-14,59.8175564528189,26748,43,38966,21.5,4.3,107,11.8,0.0425452370270674,2.38,0.190369373411096,20.7,13.5,61,0.00915956333183789,0.0139075818752804,0.00231793031254673,0.177209510991476,0.361148497083894,0.230409750261702,0.780319803198,8.086,0.302302975923434,418.722895169732,411.24570061313,182.15043171941701,389.75378873485,0.211268319971917,51167,57.3,48.6
Louisiana,St. Tammany,64781,140110,0.462358147170081,285,1448,-37,65.4757061884228,258111,39.3,67054,11.8,4.2,82,76.8,0.0694468658832828,2.66,0.0966522155196795,9.8,33.5,276.4,0.122528679521601,0.0573822890151911,0.0147688397627377,0.11478782384323,0.332880039982798,0.255444363084099,0.730884563748,64.781,0.250981167017291,110.417611027814,560.99895006412,162.082310259834,585.753838322842,0.250873072791331,22103,70.8,63.9
Indiana,Jasper,7915,15683,0.504686603328445,271,428,27,86.9044051543302,33370,38,66720,9.4,3.9,96,32,0.0653581060833084,2.66,0.0774048546598741,11.8,14.9,59.8,0.00791129757267006,0.0610728198981121,0.00476475876535811,0.140905004495055,0.327240035960443,0.245939466586755,0.703773160303,7.915,0.237189091998801,812.106682649086,1282.58915193287,485.020796852543,1230.98478483917,0.179473086628298,18073,50.8,45
South Carolina,Oconee,20984,40668,0.515983082521885,236,550,6,39.5539337025034,78374,43.4,50529,14.4,3.3,154,35.1,0.0874269528159849,2.4,0.114272590399878,16.1,24.6,118.6,0.0732130553499885,0.0574552785362493,0.00940362875443387,0.179983157679843,0.330900553755072,0.234465511521678,0.718640023859,20.984,0.267741853165591,301.120269477123,701.763339883124,262.404932056182,410.493286261338,0.233667451658859,45073,63.3,55.3
Iowa,Cedar,4708,10703,0.439876670092497,186,232,-14,64.4226123369303,18627,42.4,67597,7.6,2.4,45,16.6,0.0787029580716165,2.42,0.064959467439738,5.1,23,31.9,0.0060664626617276,0.0208836634992216,0.00692543082622,0.166049283298438,0.344660976002577,0.23750469748215,0.562007244833,4.708,0.25275138240189,998.550491222419,1245.50383851399,641.196273914113,1284.23641455756,0.223692212378581,19031,47.2,43.1
Virginia,Salem City,4053,13097,0.309460181721005,171,165,3,42.8966969543345,25643,40.5,57274,9.7,2.9,77,100,0.0809577662519986,2.3,0.0577545528994267,10.4,29.1,1718,0.0742112857309987,0.0340833755800803,0.0204734235463869,0.165347268260344,0.30827126311274,0.238778614046718,0.595679775744,4.053,0.158054829778107,666.848652653746,643.450454315018,182.15043171941701,389.75378873485,0.211268319971917,51775,59.3,51.3
Alabama,Clarke,11852,13185,0.898900265453166,151,95,-41,117.056856187291,23920,40.2,40741,22.8,7.5,126,24,0.0644648829431438,2.47,0.237876254180602,18.8,12.6,20.9,0.443269230769231,0.013628762541806,0.00434782608695652,0.174498327759197,0.330392976588629,0.24757525083612,0.549551638837,11.852,0.495484949832776,631.270903010033,397.157190635452,411.672075633747,619.738123203333,0.413973895792258,01025,69.8,61.8
North Carolina,Clay,1608,2417,0.665287546545304,74,17,10,80.7971990304336,11139,49.6,42878,14.6,4.3,163,0,0.0866325522937427,2.25,0.147410000897747,11.5,22.8,49.3,0.0114911571954394,0.0363587395636951,0.00359098662357483,0.224257114642248,0.327677529401203,0.186641529760302,0.74681393373,1.608,0.144357662267708,664.332525361343,152.61693150193,290.833062072765,478.19546555055,0.0862412145282666,37043,58.7,50.2
Georgia,Wilkes,1231,2463,0.499796995533902,37,62,9,70.8788983394087,9876,43.4,39361,20.3,4.6,196,32.6,0.0690562980963953,2.4,0.234609153503443,19.5,12.6,22.6,0.407857432158769,0.0531591737545565,0.00860672336978534,0.199574726609964,0.323207776427704,0.222863507492912,0.574720357942,1.231,0.124645605508303,374.645605508303,627.784528149048,231.494442450788,416.646267993412,0.0937936541509914,13317,65.8,58.4
Indiana,Monroe,25887,63632,0.406823610761881,398,1230,100,55.8138268546186,146917,27.7,48883,21.4,3.6,98,78.8,0.0518047605110368,2.24,0.0530231355118877,7.8,45.6,349.7,0.0347475104991254,0.0350197730691479,0.0704751662503318,0.0956118080276619,0.247758938720502,0.369848281682855,0.356229283446,25.887,0.176201528754331,270.901257172417,837.207402819279,485.020796852543,1230.98478483917,0.179473086628298,18105,53.7,46.9
Alabama,Randolph,9904,10873,0.910880161868849,79,95,-13,110.01100110011,22725,41.2,40546,19.7,4,131,18.7,0.0698349834983498,2.46,0.214697469746975,21.2,14.9,39.5,0.193619361936194,0.0290869086908691,0.00391639163916392,0.171089108910891,0.334873487348735,0.237007700770077,0.75982230997,9.904,0.435819581958196,347.634763476348,418.041804180418,411.672075633747,619.738123203333,0.413973895792258,01111,64.7,56.4
Georgia,Laurens,7612,12736,0.597675879396985,184,135,16,33.8087691494981,47325,38,42114,24.6,4.8,158,43.4,0.0766613840464871,2.54,0.259313259376651,14.9,15.6,60,0.369931325937665,0.0273851030110935,0.0114315900686741,0.145462229265716,0.307871104067618,0.255319598520866,0.63764911559,7.612,0.160845219228737,388.800845219229,285.261489698891,231.494442450788,416.646267993412,0.0937936541509914,13175,70.5,61.6
South Carolina,Georgetown,15915,36668,0.434029671648304,246,159,-44,54.6193513148806,62249,45.4,46058,19.6,4.5,137,58.5,0.0903307683657569,2.43,0.156066764124725,12.9,27.2,74,0.306398496361387,0.0322093527606869,0.00586354800880335,0.191489019903934,0.329659914215489,0.204163922312005,0.549953996002,15.915,0.255666757698919,395.187071278253,255.42578997253,262.404932056182,410.493286261338,0.233667451658859,45043,68.8,61.6
Louisiana,St. Martin,13504,27038,0.499445225238553,85,269,-13,95.1119897055258,53621,36.3,46229,19.3,5.2,94,50.4,0.0522369966990545,2.68,0.216482348333675,19.1,14.4,70.7,0.297495384271088,0.0298763544133828,0.00939930251207549,0.113500307715261,0.320919042912292,0.278547583968967,0.655248747524,13.504,0.251841629212435,158.519982842543,501.669122172283,162.082310259834,585.753838322842,0.250873072791331,22099,70.9,64
Oklahoma,Atoka,3822,4092,0.934017595307918,84,223,-6,122.850122850123,13838,39.5,39702,20.8,4.1,202,0,0.0710362769186299,2.49,0.192224309871369,17.3,15,14.5,0.0383725971961266,0.0354097412920942,0.00672062436768319,0.16519728284434201,0.289709495591849,0.236594883653707,0.813274690124,3.822,0.276195982078335,607.024136435901,1611.50455268102,410.821086770009,1037.46336302164,0.28217263717009,40005,60.5,56
Indiana,Howard,10746,41039,0.261848485586881,255,1379,35,95.9133623096909,82366,40.7,55365,12.3,4.1,81,78.5,0.0799966005390574,2.38,0.123958915086322,11.1,21.2,282.4,0.0747759998057451,0.0345530922953646,0.0125415826918874,0.163186266177792,0.320945535779326,0.252664934560377,0.644147575774,10.746,0.130466454605055,309.593764417357,1674.23451424131,485.020796852543,1230.98478483917,0.179473086628298,18067,51.9,45.3
Ohio,Belmont,13476,33364,0.403908404268073,82,568,24,103.696022516851,67505,43.4,48989,13,5.5,73,45.3,0.0709280794015258,2.32,0.117650544404118,9.6,16.2,132.3,0.0419524479668173,0.0100585141841345,0.00466632101325828,0.183971557662395,0.331338419376343,0.229894081919858,0.678815862724,13.476,0.19962965706244,121.472483519739,841.419154136731,297.627551426321,989.773506725129,0.210595766675604,39013,53.9,46.1
Arizona,Pinal,37699,186319,0.202335778959741,716,2969,-76,22.8117493928049,447138,35.3,58848,12.9,5,122,78.1,0.0796130053808891,2.78,0.110558708944442,14.6,19,70,0.0452187020561885,0.304259535087602,0.0191663423819939,0.116453980650269,0.276516422223117,0.241569716731747,0.574137839134,37.699,0.0843117784666031,160.129534953415,664.000823012135,203.364567829241,690.681650242416,0.0575562427939962,04021,75.4,62.8
Pennsylvania,Northumberland,33100,42283,0.782820518884658,254,723,48,81.2445791201432,91083,43.4,47243,13.3,5.2,69,65.1,0.0812555581173216,2.32,0.149621773547204,12.9,16,206.2,0.0241318357981182,0.0360001317479661,0.00468803179517583,0.192308114576815,0.328908797470439,0.233830681905515,0.698235680993,33.1,0.363404806604965,278.866528331302,793.781495998156,206.1441111387,716.12063970966,0.335690470724741,42097,52.8,45
Iowa,Fremont,1809,3857,0.469017371013741,40,55,6,71.5000715000715,6993,45.1,54658,10,1.9,49,0,0.0893750893750894,2.38,0.128557128557129,7.5,19.3,14.6,0.00700700700700701,0.0306020306020306,0.00443300443300443,0.208208208208208,0.327613327613328,0.22036322036322,0.675576814856,1.809,0.258687258687259,572.000572000572,786.500786500786,641.196273914113,1284.23641455756,0.223692212378581,19071,49.3,45.5
Ohio,Medina,41086,106755,0.384862535712613,412,1761,62,67.5426746899177,179146,40.4,76475,6.5,4.3,51,70.2,0.0636743215031315,2.63,0.0499592511136168,5.1,33.3,409,0.0138322932133567,0.0213401359784757,0.0129391669364652,0.126159668650151,0.353655677492101,0.24750761948355,0.602182184423,41.086,0.229343663827269,229.980016299555,982.997108503679,297.627551426321,989.773506725129,0.210595766675604,39103,52.7,45.9
Arkansas,Faulkner,7566,11448,0.660901467505241,395,710,45,40.8634200278833,124806,31.5,53882,15.4,3.3,80,61.2,0.0612791051712257,2.56,0.0875358556479656,8.7,30,174.8,0.120018268352483,0.0413842283223563,0.0130843068442222,0.0906847427207025,0.28281492876945,0.333717930227713,0.62915192822,7.566,0.0606220854766598,316.491194333606,568.882906270532,438.047995487462,753.062968155085,0.089176378854114,05045,59.2,53.4
Arkansas,Polk,2174,2824,0.769830028328612,33,232,5,84.7922589655344,20049,43.1,39048,20,4.2,122,26.6,0.0970621976158412,2.43,0.166541972168188,15.4,13.3,24.1,0.00518729113671505,0.0658386951967679,0.0103247044740386,0.200758142550751,0.314379769564567,0.22514838645319,0.813446619874,2.174,0.108434335877101,164.59673799192,1157.16494588259,438.047995487462,753.062968155085,0.089176378854114,05113,59,53.2
Ohio,Champaign,8108,20096,0.403463375796178,86,358,22,72.2506063890179,38754,39.7,57701,10,3.8,71,29.2,0.0755018836765237,2.56,0.0947515095215978,9.3,14.9,93.5,0.0204107963048976,0.0164886205294937,0.00498013108324302,0.148578211281416,0.34019714094029,0.246658409454508,0.699778371313,8.108,0.209217113072199,221.912576766269,923.775610259586,297.627551426321,989.773506725129,0.210595766675604,39021,52.3,45.5
Virginia,Prince Edward,4675,9794,0.47733306105779,69,52,1,47.9302832244009,22950,30.9,48450,20,3.8,127,36.8,0.0618300653594771,2.41,0.135773420479303,13.3,28.1,66.8,0.327581699346405,0.0268845315904139,0.0153812636165577,0.141655773420479,0.251285403050109,0.257690631808279,0.449796993306,4.675,0.203703703703704,300.653594771242,226.579520697168,182.15043171941701,389.75378873485,0.211268319971917,51147,59.8,52.4
New Hampshire,Coos,12776,16731,0.763612455920148,42,84,26,82.3071322295736,31589,46.4,44259,13.1,3.2,88,33.8,0.101142802874418,2.23,0.12855740922473,11.4,18.1,18.4,0.00867390547342429,0.0183924783943778,0.00607806514926082,0.202570515052708,0.342239387128431,0.201209281711988,0.521206161914,12.776,0.404444585140397,132.95767514008,265.915350280161,99.9662355929929,424.487894206824,0.408624520626514,33007,43.6,35.4
Arkansas,Calhoun,773,884,0.874434389140271,13,40,-1,379.003221527383,5277,43.4,44969,15.7,3.9,82,0,0.0699260943718022,2.3,0.101004358537048,17.3,12.1,8.5,0.212241804055334,0.0407428463141937,0.00284252416145537,0.174909986734887,0.343755921925336,0.220390373318173,0.690666666667,0.773,0.146484745120334,246.352093992799,758.006443054766,438.047995487462,753.062968155085,0.089176378854114,05013,60.9,56
Pennsylvania,Butler,80374,113305,0.709359692864393,429,1549,49,47.3686451503023,187888,41.5,67161,8.7,3.9,46,58,0.0717661585625479,2.45,0.0830015754066252,5.4,35.4,233.2,0.0124010048539555,0.0155518181044026,0.0146576683981947,0.148242570041727,0.353300902665418,0.244794771353147,0.66706510046,80.374,0.427776121944988,228.327514263817,824.427318402452,206.1441111387,716.12063970966,0.335690470724741,42019,51.8,45.1
Indiana,Fayette,4750,10243,0.463731328712291,348,346,30,121.490866490216,23047,40.8,47737,14.5,4.6,97,63.2,0.076626025079186,2.46,0.142751768126003,17.4,11.6,112.9,0.0137978912656745,0.0134507745042739,0.00373150518505662,0.175467522888011,0.33518462272747,0.240768863626502,0.717628541448,4.75,0.206100577081616,1509.95791209268,1501.27999305766,485.020796852543,1230.98478483917,0.179473086628298,18041,53.3,46.5
Georgia,Hancock,911,2385,0.381970649895178,4,52,-4,119.789171058936,8348,43,31716,30.7,6,137,38.4,0.0711547676090081,2.38,0.227120268327743,28.5,8.8,20,0.708433157642549,0.0239578342117873,0.0100622903689506,0.175850503114518,0.287374221370388,0.187350263536176,0.235442329227,0.911,0.109127934834691,47.9156684235745,622.903689506469,231.494442450788,416.646267993412,0.0937936541509914,13141,67.5,59.4
Georgia,Colquitt,5441,8025,0.678006230529595,146,4,-14,41.673977890858,45592,34.8,38633,23.9,3.8,238,41.1,0.053452360063169,2.73,0.233220740480786,26.2,12.5,83.6,0.229470082470609,0.196657308299702,0.00916827513598877,0.128597122302158,0.298210212317951,0.269652570626426,0.727781047675,5.441,0.119341112475873,320.231619582383,8.77346902965433,231.494442450788,416.646267993412,0.0937936541509914,13071,70.5,63
Ohio,Lawrence,13905,28473,0.488357391212728,211,547,39,140.313366518558,59866,40.1,43031,18.8,5.6,77,54.1,0.0735977015334247,2.47,0.191728192964287,13.5,14.3,137.8,0.0211138208666021,0.0102562389336184,0.00471052016169445,0.162312497912003,0.335532689673604,0.254785688036615,0.702917260781,13.905,0.232268733504827,352.453813516854,913.707279591087,297.627551426321,989.773506725129,0.210595766675604,39087,56.7,48.1
Oklahoma,Ottawa,8686,9693,0.896110595274941,158,250,-20,51.3231756214916,31175,38.9,38194,20.6,3.5,195,50.7,0.0753167602245389,2.5,0.221716118684844,15.1,14.1,67.6,0.0096551724137931,0.0579951884522855,0.00647955092221331,0.173793103448276,0.295910184442662,0.254562951082598,0.713737600599,8.686,0.278620689655172,506.816359262229,801.924619085806,410.821086770009,1037.46336302164,0.28217263717009,40115,56.7,52.9
Indiana,Washington,7002,12233,0.572386168560451,83,267,5,71.5742762051319,27943,39.2,44534,13.4,3.5,104,23.2,0.0761550298822603,2.58,0.0963031886340049,15.4,13.2,55,0.0049386250581541,0.0136348996170776,0.00289875818630784,0.13695737751852,0.343270228679812,0.253444512042372,0.724080120004,7.002,0.250581540994167,297.033246251297,955.51658733851,485.020796852543,1230.98478483917,0.179473086628298,18175,55.1,48.3
Indiana,Clay,5735,12387,0.462985387906676,108,489,12,91.7080626671762,26170,39.9,52699,13.8,3.9,79,39.1,0.077111196025984,2.54,0.108215513947268,8.4,16.8,75.2,0.00680168131448223,0.0142529614061903,0.00366832250668705,0.154795567443638,0.333435231180741,0.254719144058082,0.75743849365,5.735,0.219144058081773,412.686282002293,1868.55177684371,485.020796852543,1230.98478483917,0.179473086628298,18021,54.3,47.7
Oklahoma,Jefferson,1856,1952,0.950819672131147,19,95,-3,163.318634656214,6123,42.4,37338,24.7,3.4,205,0,0.0641842234198922,2.4,0.233872284827699,17.1,13.9,8.5,0.0130654907724971,0.107463661603789,0.00604278948227993,0.202351788339049,0.302466111383309,0.228809407153356,0.81236673774,1.856,0.303119385921934,310.305405846807,1551.52702923404,410.821086770009,1037.46336302164,0.28217263717009,40067,60.8,56.5
Georgia,Wilcox,1036,1593,0.650345260514752,9,39,7,68.0889695869269,8812,39.7,35961,30.8,5.2,171,0,0.0542442124375851,2.5,0.200181570585565,17.7,11.4,24.5,0.341579664094417,0.0484566500226963,0.00748978665456196,0.149909214707217,0.231162051747617,0.190422151611439,0.70501177262,1.036,0.117566954153427,102.13345438039,442.578302315025,231.494442450788,416.646267993412,0.0937936541509914,13315,71.1,62.2
Arizona,Coconino,12528,73968,0.169370538611291,658,1137,94,49.7010934240553,142854,31,60187,15.9,5.5,131,68.5,0.0555812227869013,2.69,0.129180841978524,10.4,35.6,7.2,0.0125092752040545,0.142726139975079,0.0205874529239643,0.0834698363363994,0.266215856748848,0.326774189032159,0.368870885174,12.528,0.0876979293544458,460.610133422935,795.917510185224,203.364567829241,690.681650242416,0.0575562427939962,04005,58.8,45.1
Pennsylvania,Berks,140361,205540,0.682888975381921,1379,2438,187,48.0778384965441,420152,39.1,62519,11.4,4.2,75,76.3,0.0618942668367638,2.59,0.145892438926865,13.5,24.5,480.4,0.0422370951465184,0.219370608732078,0.0160465736209753,0.141753460652335,0.324182676745559,0.262902473390582,0.529141609922,140.361,0.334071954911556,328.214550924427,580.266189379082,206.1441111387,716.12063970966,0.335690470724741,42011,55.5,47.1
Alabama,Conecuh,5991,6472,0.925679851668727,23,41,3,211.778121690967,12277,43,32613,24.4,5.2,125,19.1,0.0740408894681111,2.34,0.265781542722163,19.2,10.7,15.6,0.456626211615215,0.0215036246640059,0.00211778121690967,0.192392278243871,0.327360104259998,0.234503543210882,0.521626165368,5.991,0.487985664250224,187.342184572778,333.957807281909,411.672075633747,619.738123203333,0.413973895792258,01035,69.6,61.4
Iowa,Cherokee,2506,6518,0.384473764958576,80,251,10,61.8319936401378,11321,47,56312,9.4,2.2,60,38.6,0.0787032947619468,2.25,0.0810882430880664,7.4,21.4,20.9,0.0105997703383093,0.0395724759296882,0.00591820510555605,0.230015016341313,0.309513293878633,0.220386891617348,0.677012609117,2.506,0.221358537231693,706.651355887289,2217.11862909637,641.196273914113,1284.23641455756,0.223692212378581,19035,44,39.9
Iowa,Clinton,8733,24687,0.353748936687325,265,661,61,55.8923427490434,46518,41.4,51317,12.5,3.2,52,67.8,0.0826991702136807,2.39,0.158798744571994,8.9,19.1,70.7,0.0287415624059504,0.0312567178296573,0.0065136076357539,0.177716152887054,0.329635839889935,0.244829958295713,0.49450501143,8.733,0.187733780472075,569.671954942173,1420.95532911991,641.196273914113,1284.23641455756,0.223692212378581,19045,48.8,44.7
Louisiana,Grant,6379,9392,0.679195059625213,31,188,-9,151.232096788542,22482,36.8,43502,20,5.9,85,14.4,0.0677430833555733,2.58,0.174717551819233,18.3,8.4,34.7,0.152255137443288,0.052175073392047,0.00515968330219731,0.119651276576817,0.27470865581354,0.238546392669691,0.83977775258,6.379,0.283738101592385,137.888088248376,836.224535183703,162.082310259834,585.753838322842,0.250873072791331,22043,66.6,59.7
Florida,Madison,7390,9440,0.782838983050847,30,87,-8,5.39694532894382,18529,40.2,38249,22.8,3.9,153,20,0.0668681526256139,2.48,0.199740946624211,19.3,13.8,27.6,0.372928922230018,0.0561282314210157,0.00491122024933887,0.164336985266339,0.295212909493227,0.216849263316963,0.570269316712,7.39,0.398834259808948,161.908359868315,469.534243618112,243.862188120985,510.814309843152,0.295232266750237,12079,73.4,65.7
Georgia,Randolph,732,1412,0.518413597733711,4,5,2,87.8091614225084,6833,42.8,28298,30.8,5.9,164,49.4,0.0581003951412264,2.33,0.325771988877506,24.2,11.7,18,0.610566369091175,0.0234157763793356,0.0052685496853505,0.201375676862286,0.303234304112396,0.215864188497,0.438687392055,0.732,0.10712717693546,58.5394409483389,73.1743011854237,231.494442450788,416.646267993412,0.0937936541509914,13243,69.4,61.8
Georgia,Douglas,11146,30805,0.361824379159227,315,664,41,17.2021110430672,145331,35,60512,12.6,4.1,149,84.2,0.0665240038257495,2.81,0.150759301181441,12,27.1,661.8,0.469541942187145,0.0999649076934721,0.0171470642877294,0.0773682146272991,0.337780652441668,0.284116946831715,0.43237165519,11.146,0.0766938918744108,216.746599142647,456.888069303865,231.494442450788,416.646267993412,0.0937936541509914,13097,65,56.7
Ohio,Fairfield,28324,84061,0.336945789367245,526,1648,106,68.685727490981,155782,38.2,67654,9.3,4,64,65.3,0.0672221437650049,2.64,0.0985222939749137,7.6,27.2,289.8,0.0808694200870447,0.0228267707437316,0.0173319125444531,0.116027525644811,0.333831893286773,0.258046500879434,0.611876612515,28.324,0.181818181818182,337.651333273421,1057.88858789847,297.627551426321,989.773506725129,0.210595766675604,39045,54.2,46.4
Oklahoma,Cherokee,12979,15328,0.846751043841336,138,503,-14,49.306625577812,48675,34.5,42913,21,4.2,228,40,0.0718233179250128,2.52,0.166676938880329,14.8,25,62.7,0.0129429892141757,0.0727272727272727,0.00848484848484849,0.130210580380072,0.279794555726759,0.305208012326656,0.606053254079,12.979,0.266646122239343,283.513097072419,1033.38469440164,410.821086770009,1037.46336302164,0.28217263717009,40021,57.8,53.6
Oklahoma,Alfalfa,1730,1864,0.928111587982833,25,214,-1,139.033715676051,5754,46,52952,15.2,2.2,187,0,0.0679527285366701,2.27,0.0662148070907195,13.2,20.2,6.5,0.043274244004171,0.0557872784150156,0.00382342718109141,0.198470629127563,0.24191866527633,0.196906499826208,0.855939716312,1.73,0.300660410149461,434.480361487661,3719.15189433438,410.821086770009,1037.46336302164,0.28217263717009,40003,56.5,51.4
Indiana,Clark,29632,58298,0.508285018353974,504,1170,12,61.3496932515337,117360,37.9,56774,11.2,3.4,88,79.5,0.0776329243353783,2.46,0.0735514655760054,10.8,20.9,295.6,0.0786468984321745,0.055453306066803,0.0113752556237219,0.119759713701431,0.331032719836401,0.284040558963872,0.587273011897,29.632,0.252488070892979,429.447852760736,996.932515337423,485.020796852543,1230.98478483917,0.179473086628298,18019,56.5,49.2
Florida,Gulf,6097,8209,0.7427214033378,21,40,-5,61.8658747834694,16164,42.7,45426,20.3,4.4,127,22.9,0.102326156891858,2.33,0.125154664686959,15.1,17.7,28.1,0.168275179411037,0.0462138084632517,0.00476367235832715,0.160047018064835,0.283036377134373,0.171739668398911,0.730869624948,6.097,0.377196238554813,129.918337045286,247.463499133878,243.862188120985,510.814309843152,0.295232266750237,12045,74.2,67.8
California,Marin,12340,158103,0.0780503848756823,149,399,-1,43.1323315335855,259666,44.5,122933,6.6,2.4,48,93.5,0.0402170480540386,2.36,0.0360617100429013,6.8,58.8,485.1,0.0251438386234624,0.161153173692359,0.064879499048778,0.162485654648664,0.361953432486348,0.198073679264902,0.159458254882,12.34,0.0475225867075397,57.3814053437878,153.658931088398,146.156018965535,473.459473971519,0.061200232035798,06041,66.1,53.6
Indiana,Benton,2451,4166,0.588334133461354,20,145,-4,173.350283138796,8653,40.1,51649,11.5,3.2,103,0,0.0612504333757078,2.52,0.118918294233214,10.5,16.9,21.8,0.00716514503640356,0.0518895180862129,0.00323587195192419,0.161100196463654,0.328325436264879,0.242921530105166,0.705801860974,2.451,0.283254362648792,231.133710851728,1675.71940367503,485.020796852543,1230.98478483917,0.179473086628298,18007,51.1,45
Arkansas,Chicot,1216,1781,0.682762492981471,27,90,-5,124.544931979306,10438,41.8,31787,31.4,6.9,91,45.7,0.0657214025675417,2.42,0.262502395094846,19.3,14.7,18.3,0.534106150603564,0.0578654914734624,0.00747269591875838,0.205882352941176,0.303123203678866,0.206073960528837,0.413593637021,1.216,0.116497413297567,258.670243341636,862.234144472121,438.047995487462,753.062968155085,0.089176378854114,05017,62.2,57.6
Iowa,Polk,117819,258755,0.455330331781028,2284,5599,490,36.3297509872661,487204,34.7,68479,9.9,2.5,58,95.1,0.0569597129744419,2.48,0.134890107634584,8.5,36.1,750.5,0.0687453304981076,0.0852681833482484,0.0507754451933892,0.0955349299266837,0.303628459536457,0.307189596144531,0.408987829437,117.819,0.241826832292017,468.797464717038,1149.21059761414,641.196273914113,1284.23641455756,0.223692212378581,19153,47.1,43.4
Arkansas,Fulton,1570,1913,0.820700470465238,72,105,-8,81.5062352269949,12269,47,35630,20.6,4,92,7.1,0.0881082402803814,2.32,0.156817996576738,15.4,11.8,19.8,0.0063574863477056,0.015323172222675,0.00326024940907979,0.22349009699242,0.322438666557992,0.207025837476567,0.731450252951,1.57,0.127964789306382,586.844893634363,855.815469883446,438.047995487462,753.062968155085,0.089176378854114,05049,56.1,51.4
Georgia,Jeff Davis,1684,2498,0.674139311449159,53,33,13,59.8842238339211,15029,36,37211,20.6,4.9,196,30.5,0.0500365959145652,2.63,0.209328631312795,22.3,10,45.6,0.145651739969393,0.122163816621199,0.00691995475414199,0.12469226162752,0.308403752744694,0.260496373677557,0.806052269601,1.684,0.112050036595915,352.651540355313,219.575487391044,231.494442450788,416.646267993412,0.0937936541509914,13161,71.4,63
Virginia,Culpeper,12102,27389,0.441856219650225,127,453,-17,30.8528895659384,51859,38.2,72111,8.7,2.8,125,38.1,0.0697082473630421,2.77,0.0854817871536281,14.8,24.7,123.1,0.140959139204381,0.112825160531441,0.0169690892612661,0.109874852966698,0.322836923195588,0.249194932412889,0.604020464527,12.102,0.233363543454367,244.894810929636,873.522435835631,182.15043171941701,389.75378873485,0.211268319971917,51047,58.3,51.3
Alabama,Crenshaw,6156,6645,0.926410835214447,38,43,-12,122.974537037037,13824,40.7,39057,19.5,4.1,128,0,0.0778356481481482,2.44,0.21361400462963,21.6,15.6,22.8,0.232204861111111,0.0231481481481481,0.0112123842592593,0.159866898148148,0.32689525462963,0.25267650462963,0.721529110685,6.156,0.4453125,274.884259259259,311.053240740741,411.672075633747,619.738123203333,0.413973895792258,01041,68.2,60.3
Alabama,Marion,12970,13855,0.936124142908697,82,152,12,63.8376507744515,29763,42.8,37887,20.2,4.1,131,11.1,0.0608137620535564,2.36,0.174142391559991,20.3,13.1,41.5,0.0378322077747539,0.0257366528911736,0.00325908006585358,0.189665020327252,0.326613580620233,0.240499949601855,0.873063816605,12.97,0.435775963444545,275.509861237106,510.701206195612,411.672075633747,619.738123203333,0.413973895792258,01093,62.8,54.6
Florida,St. Johns,120093,177664,0.67595573667147,664,1263,78,18.8782392895489,254261,42.2,81925,6.6,2.9,108,76.2,0.0820416815791647,2.49,0.0507431340237001,5.4,43.7,316.4,0.0522337283342707,0.0720283488226665,0.0318963584663004,0.117174871490319,0.349601393843334,0.227990136119971,0.649840166579,120.093,0.472321748124958,261.14897683876,496.733671306256,243.862188120985,510.814309843152,0.295232266750237,12109,76.5,69.9
Vermont,Windham,6375,26278,0.242598371261131,20,49,2,60.8101786883712,42756,44.9,54441,12,2.9,51,31.8,0.0703293105061278,2.23,0.145804097670502,6.6,38.6,56.7,0.0132612966601179,0.0244410141266723,0.0138460099167368,0.167625596407522,0.348559266535691,0.226026756478623,0.258238381164,6.375,0.149101880437833,46.7770605295163,114.603798297315,38.3203549742216,185.853721624975,0.144520428740905,50025,48.2,39.1
South Carolina,Aiken,40589,85185,0.476480601044785,362,669,8,49.5864841411798,169401,40,52633,15,3.3,126,63,0.0756902261497866,2.45,0.146091227324514,12.7,26.4,149.5,0.247891098635781,0.0585533733567098,0.0115347607156983,0.145329720603774,0.322501047809635,0.257902845910001,0.614941222099,40.589,0.239603072000756,213.694134036989,394.920927267253,262.404932056182,410.493286261338,0.233667451658859,45003,68.5,60.2
Ohio,Washington,11214,32343,0.346721083387441,115,571,37,83.1186102568365,60155,43,50904,15.9,5.6,83,43.4,0.0830022442024769,2.34,0.123098661790375,9.1,19.2,97.8,0.0117031003241626,0.0113041309949298,0.00761366469952622,0.179436455822459,0.333289003407863,0.240146288754052,0.686430739514,11.214,0.186418419084033,191.172803590724,949.214529133073,297.627551426321,989.773506725129,0.210595766675604,39167,55.4,47.9
Ohio,Perry,7290,16840,0.432897862232779,71,346,11,91.5827158438098,36033,38.6,51534,16.4,5.6,76,24.8,0.0688257985735298,2.63,0.179002580967447,14.3,12.3,88.4,0.00510643021674576,0.00876973885049815,0.00180390197874171,0.129270391030444,0.341159492687259,0.257708211916854,0.681231651533,7.29,0.202314545000416,197.041600754864,960.230899453279,297.627551426321,989.773506725129,0.210595766675604,39127,54,46.2
Pennsylvania,Wyoming,10838,14858,0.729438686229641,48,147,20,103.527323818679,27046,42.3,57599,11.8,4.5,60,16.5,0.0798639355172669,2.46,0.134807365229609,7.1,19.6,71.2,0.00854100421504104,0.0190416327737928,0.00484359979294535,0.167418472232493,0.345189676846854,0.235080973156844,0.674424222902,10.838,0.400724691266731,177.475412260593,543.518450048066,206.1441111387,716.12063970966,0.335690470724741,42131,51.4,43.7
North Carolina,Dare,5001,8913,0.561090541905082,55,114,-17,60.2723213062656,36501,43.6,64768,8.3,5.1,148,71,0.0968740582449796,2.36,0.0647105558751815,6.7,33,88.5,0.0241637215418756,0.07303909481932,0.00794498780855319,0.14155776554067,0.373688392098847,0.222514451658859,0.593560944816,5.001,0.137009944933016,150.680803265664,312.320210405194,290.833062072765,478.19546555055,0.0862412145282666,37055,67.4,59.3
Florida,Lake,143134,212505,0.67355591633138,579,1006,-29,29.1729196762928,356495,45.6,52447,11.5,3.5,153,80.7,0.0891260746995049,2.42,0.123398645142288,10.7,22.7,316.6,0.10338153410286301,0.160473498927054,0.0226146229259877,0.201475476514397,0.30940966913982,0.227512307325488,0.599700997069,143.134,0.401503527398701,162.414620120899,282.191896099525,243.862188120985,510.814309843152,0.295232266750237,12069,78.5,72.4
Indiana,Johnson,16629,78343,0.212258912729918,621,2021,89,86.413826212194,156225,36.8,69880,7.7,2.9,86,86.1,0.0650280044807169,2.63,0.0539030244839174,8,31.8,435.8,0.0226212193951032,0.0360825732117139,0.0350392062730037,0.109931188990238,0.316511441830693,0.285370459273484,0.686345860575,16.629,0.106442630820931,397.503600576092,1293.64698351736,485.020796852543,1230.98478483917,0.179473086628298,18081,53.5,46.8
Indiana,Vigo,9020,43928,0.205336004370789,626,1586,16,82.8785875253757,107386,36.1,48335,19.2,4.4,99,76.2,0.0664239286312927,2.38,0.125304974577692,11.9,24.5,267.4,0.0717225709124094,0.0272102508706908,0.0202167880356844,0.135129346469745,0.278499990687799,0.276590989514462,0.554070105386,9.02,0.0839960516268415,582.943772931295,1476.91505410389,485.020796852543,1230.98478483917,0.179473086628298,18167,54.4,47.8
Arkansas,Lonoke,4178,6047,0.690921117909707,335,444,61,74.670431866625,73657,35.3,56651,11.9,3.2,76,55.2,0.0904191047694041,2.68,0.0897131297772106,11.3,20.3,88.7,0.0623294459453956,0.0476125826465916,0.00935416864656448,0.103520371451457,0.316331102271339,0.293685596752515,0.743555256669,4.178,0.0567223753343199,454.810812278534,602.794031796028,438.047995487462,753.062968155085,0.089176378854114,05085,60.1,54.5
Florida,Martin,56012,99383,0.563597395932906,254,518,42,17.4008153524908,160912,49.7,61592,10.7,3.5,160,91.5,0.0896141990653276,2.23,0.0783720294322363,9.5,33,269.2,0.0522210897882072,0.139411603858009,0.0147534055881476,0.248409068310629,0.320193646216566,0.191843989261211,0.620263351256,56.012,0.348090881972755,157.850253554738,321.91508402108,243.862188120985,510.814309843152,0.295232266750237,12085,80.3,76.1
Virginia,Prince George,7172,17479,0.410320956576463,116,132,-14,28.8850375505488,38082,38,68133,8.9,3.6,87,46.6,0.131479439105089,2.7,0.0741820282548186,10,24,134.7,0.312326033296571,0.0846069008980621,0.022031405913555,0.0974738721705793,0.278110393361693,0.255501286697127,0.567348203222,7.172,0.188330444829578,304.60585053306,346.620450606586,182.15043171941701,389.75378873485,0.211268319971917,51149,63.1,54.6
Iowa,Fayette,4762,10186,0.467504417828392,93,231,27,127.161749745677,19660,43.2,50893,11.7,3,62,29.4,0.0721261444557477,2.33,0.127009155645982,7.9,19.8,28.6,0.0136826042726348,0.0247711088504578,0.0118514750762971,0.206256358087487,0.317039674465921,0.236063072227874,0.569754407419,4.762,0.242217700915565,473.041709053917,1174.97456765005,641.196273914113,1284.23641455756,0.223692212378581,19065,44.2,39.7
Alabama,Jefferson,277537,326374,0.850364918774167,2058,4924,142,26.2399514636736,659300,37.1,55013,16.1,3.7,111,90.2,0.0673532534506295,2.44,0.164030031851964,10.3,32.4,592.5,0.431260427726376,0.0398088882147732,0.0177096920976794,0.131113301986956,0.311037463976945,0.286221750341271,0.450220777564,277.537,0.420957075686334,312.149249203701,746.852722584559,411.672075633747,619.738123203333,0.413973895792258,01073,65.5,56.5
Virginia,Gloucester,10854,22407,0.484402195742402,25,92,-5,32.1293742804359,37349,42.6,70938,9.1,2.7,103,35.4,0.116174462502343,2.55,0.0857854293287638,10.9,22.8,169.2,0.0789847117727382,0.0379662106080484,0.0088623524056869,0.144849929047632,0.361187715869233,0.248386837666336,0.670303216554,10.854,0.290610190366543,66.9361964175748,246.325202816675,182.15043171941701,389.75378873485,0.211268319971917,51073,62.9,54.5
North Carolina,Burke,7676,12972,0.591736046870182,267,745,35,36.511694806488,90382,41.2,44946,14,3.6,136,57.3,0.068044522139364,2.45,0.139242327012016,19.1,16.6,179.3,0.0666836316965767,0.0624903188688013,0.0372308645526764,0.162344272089575,0.346440662963864,0.241419751720475,0.683909878314,7.676,0.0849284149498794,295.412803434312,824.27917063132,290.833062072765,478.19546555055,0.0862412145282666,37023,60.7,52.6
Pennsylvania,Carbon,24468,33629,0.727586309435309,71,430,15,79.4058573497127,64227,43.9,53901,11.9,5.1,62,52.8,0.090211281859654,2.42,0.134694131751444,10.4,16.8,171.1,0.0182010680866302,0.0507107602721597,0.00577638687779283,0.18129447117256,0.359334859171377,0.23269030158656,0.651578984019,24.468,0.38096127796721,110.545409251561,669.500365889735,206.1441111387,716.12063970966,0.335690470724741,42025,51.2,43
Iowa,Clarke,2104,4670,0.450535331905782,63,55,-13,74.2863207046588,9423,40.2,52541,11.2,2.8,64,51.9,0.0741801973893664,2.47,0.142523612437653,10.9,16.9,21.5,0.0110368247904065,0.142629735752945,0.00817149527751247,0.164385015387881,0.308500477554919,0.243765255226573,0.614301929625,2.104,0.223283455375146,668.576886341929,583.678234108034,641.196273914113,1284.23641455756,0.223692212378581,19039,48,44.6
South Carolina,Berkeley,47378,104458,0.45356028260162,400,435,-28,43.421034777535,221091,34.5,62204,12.8,3,120,71,0.102536964417367,2.66,0.100981044004505,11.2,23.8,161.8,0.238702615665043,0.068840432220217,0.0268260580484959,0.0804826971699436,0.312278654490685,0.297180798856579,0.560359355795,47.378,0.214291852676047,180.920978239729,196.751563835706,262.404932056182,410.493286261338,0.233667451658859,45015,70.3,62.6
Virginia,Bristol City,3107,7929,0.391852692647244,75,100,27,30.336124256765,16482,41.3,36903,20.5,3.7,104,100,0.0819075354932654,2.21,0.233284795534522,16.3,24.1,1370.6,0.0615823322412329,0.0260890668608179,0.00946487076811067,0.205132872224245,0.325081907535493,0.255733527484529,0.701119724376,3.107,0.188508676131537,455.041863851474,606.722485135299,182.15043171941701,389.75378873485,0.211268319971917,51520,59.3,50.3
Ohio,Crawford,7657,20860,0.367066155321189,218,486,34,84.2358604091456,41550,41.9,44715,14,5.2,75,64.7,0.0830084235860409,2.39,0.142141997593261,9.7,14.8,109,0.0100120336943442,0.0178339350180505,0.0059927797833935,0.1876293622142,0.329410348977136,0.239663056558363,0.709282429687,7.657,0.184283995186522,524.669073405536,1169.67509025271,297.627551426321,989.773506725129,0.210595766675604,39033,52.2,45.7
Iowa,Jasper,9260,20184,0.458779231074118,238,389,108,53.8401485988101,37147,41.6,60378,10.2,2.6,43,42.5,0.0702613939214472,2.38,0.106657334374243,6.3,17.9,50.4,0.0221013809998116,0.0245780278353568,0.00670309850055186,0.163916332409077,0.312568982690392,0.236008291382884,0.562207072859,9.26,0.249279888012491,640.697768325841,1047.19089024686,641.196273914113,1284.23641455756,0.223692212378581,19099,47.1,43.5
Oklahoma,Washita,3799,4119,0.922311240592377,45,163,-17,107.845780533837,11127,39,47484,17.8,3.1,190,24.7,0.0620113238069561,2.48,0.147748719331356,10.4,20.4,11.6,0.0094365057967107,0.102094005572032,0.00521254605913544,0.178574638267278,0.311135076840119,0.251370540127618,0.832108902334,3.799,0.341421766873371,404.421677001887,1464.90518558461,410.821086770009,1037.46336302164,0.28217263717009,40149,57.5,53.2
Georgia,Glascock,446,705,0.632624113475177,10,6,-6,133.55592654424,2995,39.3,42820,17.5,4.2,146,0,0.0604340567612688,2.58,0.153255425709516,22.6,9,21.4,0.0888146911519199,0.0193656093489149,0.00200333889816361,0.155258764607679,0.353255425709516,0.246744574290484,0.888489208633,0.446,0.148914858096828,333.889816360601,200.333889816361,231.494442450788,416.646267993412,0.0937936541509914,13125,67.9,60
Oklahoma,Delaware,13009,15037,0.865132672740573,177,315,-23,51.4824608616292,42733,45.2,40287,20.7,3.9,232,18.9,0.0894624763063674,2.41,0.165235298247256,16.1,17.6,56.2,0.00423560246179767,0.0373247841246812,0.0121685816582033,0.199751948143121,0.323614068752486,0.222708445463693,0.752295918367,13.009,0.304425151522243,414.19979875038,737.135235064236,410.821086770009,1037.46336302164,0.28217263717009,40041,56.5,52.8
Iowa,Warren,13507,31039,0.435162215277554,225,615,69,60.7176433719837,51056,38.3,78192,7.1,2.3,38,58,0.0631267627702914,2.58,0.0605217800062676,4.3,31.7,81.1,0.00857881541836415,0.0295166092134127,0.00683563146349107,0.120632246944531,0.318297555625196,0.257031494829207,0.548855699212,13.507,0.264552648072704,440.692572861172,1204.55969915387,641.196273914113,1284.23641455756,0.223692212378581,19181,47.6,44.4
California,Madera,6392,54392,0.117517281953228,258,776,-32,45.6644172712974,157672,33,53632,20.2,7,107,67.1,0.0479856918159217,3.28,0.173816530519052,28.1,14.5,70.6,0.0328339844740981,0.583102897153585,0.0249061342533868,0.109480440407935,0.266420163377137,0.270916840022325,0.560984152001,6.392,0.0405398548886296,163.630828555482,492.160941701761,146.156018965535,473.459473971519,0.061200232035798,06039,64,48.9
North Carolina,Avery,3389,4421,0.766568649626781,147,238,-53,131.391031133962,17505,42.3,41701,16.8,3.6,181,11.2,0.0618680377035133,2.31,0.113339045986861,17.7,20.6,72,0.0441588117680663,0.0519280205655527,0.00554127392173665,0.176920879748643,0.300199942873465,0.201542416452442,0.772456575682,3.389,0.193601828049129,839.760068551842,1359.61153956013,290.833062072765,478.19546555055,0.0862412145282666,37011,54.3,46.5
Virginia,Charlotte,3257,6217,0.523886118706772,28,28,8,67.0128999832468,11938,43.7,41382,19.3,3.7,148,0,0.0933154632266711,2.43,0.162757580834311,16.1,10.2,26.5,0.277768470430558,0.0206064667448484,0.00326687887418328,0.196934159825766,0.342268386664433,0.219802311945049,0.600656077348,3.257,0.272826269056793,234.545149941364,234.545149941364,182.15043171941701,389.75378873485,0.211268319971917,51037,60.5,52.5
Virginia,Isle of Wight,9984,23977,0.41639904908871,62,105,-4,40.5921034828025,36953,43.8,72993,9.2,3,90,42.6,0.103618109490434,2.55,0.086515303223013,12.5,28.2,111.8,0.229670121505696,0.0333125862582199,0.00952561361729765,0.13977214299245,0.357562308878846,0.243498498092171,0.58449294468,9.984,0.270181040781533,167.780694395584,284.144724379617,182.15043171941701,389.75378873485,0.211268319971917,51093,63.6,55.3
Florida,Indian River,52550,98192,0.535175981750041,387,525,79,22.2345041387941,157413,49.1,58228,10.7,4.3,182,95,0.108066042830008,2.26,0.106255518921563,11.3,28.3,274.5,0.0903038503808453,0.126819258892213,0.0157801452230756,0.238252240920381,0.311048007470793,0.195809748877158,0.607832584452,52.55,0.333835197855323,245.850088620381,333.517562081912,243.862188120985,510.814309843152,0.295232266750237,12061,78.8,74
Virginia,Suffolk City,18951,50017,0.37889117699982,95,232,-1,30.7068048472885,91185,37.9,69753,10.9,3.2,87,78.4,0.108219553654658,2.7,0.118561166858584,11.2,28.1,211.4,0.415210835115425,0.0467072435159292,0.0187092175248122,0.106673246696277,0.32886987991446,0.277786916707792,0.410360371104,18.951,0.207830235236059,104.183802160443,254.427811591819,182.15043171941701,389.75378873485,0.211268319971917,51800,63.6,55.3
Ohio,Scioto,13312,32351,0.411486507372261,270,643,30,101.984053402559,75502,38.8,41267,22.6,6.8,82,45.7,0.0672035177876083,2.46,0.251993324680141,15.2,15,130.3,0.0254430346215994,0.0139334057375964,0.00405287277158221,0.163134751397314,0.319210087150009,0.249158962676485,0.666554122493,13.312,0.176313210246086,357.60642102196,851.633069322667,297.627551426321,989.773506725129,0.210595766675604,39145,55.8,48
Oklahoma,Woodward,5057,5604,0.902391149179158,96,336,20,74.1766393037286,20222,37,55134,14.8,2.8,178,56.5,0.0541489466917219,2.46,0.104144001582435,11.9,19.8,16.2,0.0188408663831471,0.131144298288992,0.00796162595193354,0.140836712491346,0.282464642468599,0.262338047670854,0.835732206523,5.057,0.250074176639304,474.730491543863,1661.55672040352,410.821086770009,1037.46336302164,0.28217263717009,40153,55.8,50.7
Ohio,Hamilton,183487,434956,0.421851865476048,2943,7693,275,68.9373123509215,816684,37.1,57300,15.4,4.1,70,97.8,0.0567489996130694,2.34,0.131893119003189,9,37.1,1976.7,0.262122191692258,0.0345017166982578,0.0289242840560119,0.13084987583937,0.305147400953123,0.29606432843058,0.430308860759,183.487,0.224673190609832,360.359698488032,941.980006954954,297.627551426321,989.773506725129,0.210595766675604,39061,55.4,48.4
Florida,Citrus,54508,93727,0.581561343049495,260,796,12,20.95599916176,147929,54,41556,15.2,5.2,153,65.5,0.144089394236424,2.2,0.142149274314029,11.9,17.6,242.8,0.0286894388524224,0.0594812376207505,0.0168188793272448,0.304477147820914,0.308418227663271,0.17340075306397,0.683213971604,54.508,0.368474065261037,175.7599929696,538.095978476161,243.862188120985,510.814309843152,0.295232266750237,12017,77.8,70.6
Virginia,Tazewell,10200,20529,0.496858103171124,147,302,13,51.4012972708359,40855,43.2,42074,18.2,4.4,116,48.1,0.0659405213560152,2.35,0.189988985436299,18.8,15.3,86.9,0.031844327499694,0.0106229347693061,0.00675559906988129,0.189866601395178,0.332125810794272,0.220144413168523,0.819680994863,10.2,0.249663443886917,359.809080895851,739.199608371068,182.15043171941701,389.75378873485,0.211268319971917,51185,54.9,46.9
Georgia,Bibb,17098,36911,0.46322234564222,246,448,-10,20.2488650837715,153095,35.6,41390,24.7,4.5,160,85.6,0.0826480290016003,2.48,0.257552500081649,14.3,25.7,622.8,0.549567262157484,0.0340703484764362,0.0219928802377609,0.128606420849799,0.290192364218296,0.273183317547928,0.387282047765,17.098,0.111682288774944,160.684542277671,292.628759920311,231.494442450788,416.646267993412,0.0937936541509914,13021,68.7,60.5
Indiana,Wells,4505,14220,0.316807313642757,124,431,38,77.9975891654258,28206,40.2,60010,8.5,2.8,79,49.4,0.063071686875133,2.52,0.050982060554492,8.9,18.1,75.1,0.00680706232716443,0.03173083741048,0.00677160887754379,0.153867971353613,0.317060199957456,0.248812309437708,0.761944677284,4.505,0.15971779054102,439.622775296036,1528.04367864993,485.020796852543,1230.98478483917,0.179473086628298,18179,52.3,45.5
Louisiana,West Baton Rouge,7533,14097,0.534369014683975,22,176,-14,109.736254588111,26427,35.8,58205,12.8,4.4,68,69.5,0.0494948348280168,2.67,0.158966208801604,15,20.6,123.6,0.393763953532372,0.0321640746206531,0.00715177659212169,0.0990275097438226,0.302266621258561,0.29587164642222,0.544925255704,7.533,0.285049381314565,83.2481931358081,665.985545086465,162.082310259834,585.753838322842,0.250873072791331,22121,70.6,63.6
Indiana,Posey,5303,13295,0.398871756299361,182,234,-2,133.124510571652,25540,41.6,68162,9.2,2.8,64,33.2,0.0662098668754894,2.52,0.0734534064212999,6.7,20.7,63.3,0.0096319498825372,0.0129209083790133,0.00606891151135474,0.146084573218481,0.345066562255286,0.247611589663273,0.674244858612,5.303,0.207635082223962,712.607674236492,916.209866875489,485.020796852543,1230.98478483917,0.179473086628298,18129,55.9,49.4
Pennsylvania,Washington,81627,118478,0.688963351845912,504,1503,56,86.8114166658629,207346,43.6,63119,9,4.3,47,69.2,0.0805513489529579,2.37,0.116467161170218,7.1,29.5,242.5,0.0318935499117417,0.0175021461711342,0.01168095839804,0.175387998803932,0.344877644131066,0.240023921368148,0.607983908402,81.627,0.393675306010244,243.071966664416,724.875329159955,206.1441111387,716.12063970966,0.335690470724741,42125,54,46.6
Pennsylvania,Westmoreland,145488,204697,0.710748081310425,1092,2995,-88,87.5614284777146,350611,45.1,58398,9.2,4.4,48,74.6,0.0782576701814832,2.32,0.117954085867243,6,28.5,355.4,0.0246398430169048,0.0124097646679654,0.00975154801189923,0.196448485643634,0.353129251506656,0.228304303059516,0.640623968306,145.488,0.414955606070545,311.45628631161,854.223056321678,206.1441111387,716.12063970966,0.335690470724741,42129,53,45.8
Rhode Island,Kent,38348,93093,0.411932153867638,421,1812,137,48.8218673143701,163861,42.7,69089,7.8,3.7,34,92,0.077822056499106,2.4,0.116330304343315,8.4,32.1,985.9,0.0183387139099603,0.0531975271724205,0.0274806085645761,0.159092157377289,0.358334197887234,0.271138342863769,0.478611135511,38.348,0.234027620971433,256.925076741873,1105.81529467048,350.983387164658,1069.50152036054,0.189247291488345,44003,54.4,47.4
North Carolina,Macon,3999,7648,0.52288179916318,67,96,-7,56.6813093382457,35285,47.8,46426,16.3,3.9,179,20,0.0936942043361202,2.29,0.131047187190024,11.4,24.2,65.8,0.0128099759104435,0.0720136035142412,0.010372679608899,0.228680742525152,0.313787728496528,0.212838316565113,0.694220119982,3.999,0.113334278021822,189.882386283123,272.070284823579,290.833062072765,478.19546555055,0.0862412145282666,37113,57.6,49.5
Florida,Lee,172037,395912,0.434533431671685,1764,3675,310,16.8298856362889,754610,45.6,56343,12.1,3.4,193,94.2,0.0845469845350579,2.35,0.122220749791283,12,27.8,788.7,0.080836458568002,0.218964763255191,0.0175865678959993,0.192292707491287,0.30664184148103,0.225080505161607,0.586687415783,172.037,0.227981341355137,233.763135924517,487.006533176078,243.862188120985,510.814309843152,0.295232266750237,12071,80.4,74.6
Georgia,Lumpkin,2398,5713,0.419744442499562,57,121,-9,3.03444090426339,32955,36.1,55583,14.9,3.6,189,16.1,0.0739189804278562,2.56,0.10541647701411,16.3,26.2,105.9,0.0152935821574875,0.050311030192687,0.00752541344257321,0.115126687907753,0.29585798816568,0.27200728265817,0.780022719896,2.398,0.0727658928842361,172.963131543013,367.16734941587,231.494442450788,416.646267993412,0.0937936541509914,13187,61.4,53.4
Arkansas,Cross,1397,1783,0.783510936623668,71,179,11,125.929479491485,16676,39.7,41214,18,4.2,90,43.2,0.0548093067881986,2.52,0.158371312065243,17.2,15.4,29,0.227212760853922,0.0200287838810266,0.00755576876948909,0.165447349484289,0.320340609258815,0.252098824658191,0.670033670034,1.397,0.0837730870712401,425.761573518829,1073.39889661789,438.047995487462,753.062968155085,0.089176378854114,05037,59.8,54.6
Virginia,Lee,7003,10075,0.695086848635236,150,189,36,72.2144343910624,23541,41.2,34796,24.8,4.1,123,0.4,0.0650779491100633,2.35,0.238010279937131,24.3,11.4,58.8,0.0345354912705493,0.0191580646531583,0.00254874474321397,0.174334140435835,0.329170383586084,0.212480353425938,0.806372286967,7.003,0.297480990612124,637.186185803492,802.8545941124,182.15043171941701,389.75378873485,0.211268319971917,51105,58,48.2
Alabama,Lamar,6754,7231,0.934034020190845,84,105,18,173.360300491188,13844,43.5,40936,17.4,3.8,119,0,0.0633487431378214,2.35,0.192863334296446,17.6,12.5,24.1,0.103943946836175,0.0169026292978908,0.00101126841953193,0.197341808725802,0.334368679572378,0.230063565443513,0.839561390853,6.754,0.487864778965617,606.761051719156,758.451314648945,411.672075633747,619.738123203333,0.413973895792258,01075,64.6,55.5
California,Tulare,22602,148677,0.152020823664723,732,1859,-18,58.1718581293562,465861,29.6,48763,22.2,9.6,90,84.5,0.0347206570200124,3.36,0.247026473561856,30.2,14.3,91.7,0.0123491771150622,0.651818890183982,0.0399110464280118,0.0896812568555857,0.265581364398394,0.30237989443203,0.533863446511,22.602,0.0485166176177014,157.12841384018,399.0460673892,146.156018965535,473.459473971519,0.061200232035798,06107,62.1,46.7
Arkansas,Desha,998,1342,0.743666169895678,60,81,4,182.418346073662,11512,38.7,36132,24.3,4.5,102,68.6,0.0522932592077832,2.43,0.240705350938151,21.2,12.4,16.9,0.468902015288395,0.0641070187630299,0.00634120917303683,0.171125781792912,0.307244614315497,0.241400277970813,0.453147184098,0.998,0.0866921473245309,521.195274496178,703.61362056984,438.047995487462,753.062968155085,0.089176378854114,05041,61.3,56.8
Florida,Broward,490040,964444,0.508106224933744,5648,11790,1122,29.5706364092945,1951260,39.7,57200,12.6,3.4,168,100,0.0442831811239917,2.52,0.128081342312147,11.2,31.9,1444.9,0.28345223086621,0.30428184865164,0.0388728308887591,0.127827147586688,0.339453481340262,0.278727591402478,0.314182517315,490.04,0.251140288839007,289.453993829628,604.224962332032,243.862188120985,510.814309843152,0.295232266750237,12011,80.7,76.3
Indiana,Wabash,4197,14794,0.28369609301068,178,697,36,83.1202046035806,31280,41.2,51487,12.4,3.5,91,50,0.071195652173913,2.43,0.0773657289002558,11.7,18.4,79.7,0.00703324808184143,0.026118925831202,0.00578644501278772,0.190281329923274,0.319085677749361,0.230882352941176,0.731941856131,4.197,0.134175191815857,569.053708439898,2228.26086956522,485.020796852543,1230.98478483917,0.179473086628298,18169,51.6,44.8
Arkansas,Conway,2728,3573,0.763504058214386,27,170,-3,148.389258532382,20891,40.5,44565,17.9,4.4,84,29.5,0.0725671341726102,2.48,0.153271743813125,14.1,16,38.5,0.113110909003877,0.0402087023120004,0.004643147766981,0.171940069886554,0.330285768991432,0.247139916710545,0.618093658288,2.728,0.130582547508496,129.24225743143,813.747546790484,438.047995487462,753.062968155085,0.089176378854114,05029,59.5,53.3
Virginia,Staunton City,3981,13083,0.304288007337767,57,412,9,24.0751143567932,24922,42.2,47319,12.3,2.9,98,96.3,0.0830591445309365,2.15,0.104847123023834,10.7,34,1188.8,0.113353663429901,0.0323409036192922,0.0154481983789423,0.188187143888933,0.311893106492256,0.265307760211861,0.460247666906,3.981,0.159738383757323,228.713586389535,1653.1578524998,182.15043171941701,389.75378873485,0.211268319971917,51790,57.2,50.3
Arkansas,Grant,2182,2673,0.816311260755705,44,141,2,98.9663514405102,18188,39.5,52050,13.1,3.1,67,25,0.0692764460083572,2.55,0.0907191554871344,8.5,18.3,28.3,0.0267758961952936,0.0291400923685947,0.00406861667033209,0.142456564767979,0.335440950076974,0.25819221464702,0.752735229759,2.182,0.119969210468441,241.917747965692,775.23641961733,438.047995487462,753.062968155085,0.089176378854114,05053,60.4,54.1
Arkansas,Poinsett,3282,3579,0.917015926236379,266,198,40,37.5406690581463,23974,39.8,37370,23.7,3.8,90,28.9,0.0540585634437307,2.49,0.198965546008176,19.4,10.1,32.4,0.0821306415283223,0.0320764161174606,0.00296154167014265,0.162676232585301,0.313339451071995,0.259614582464336,0.596062843082,3.282,0.136898306498707,1109.53532994077,825.894719279219,438.047995487462,753.062968155085,0.089176378854114,05111,59.2,54
South Carolina,Chester,7557,15757,0.479596369867361,101,173,3,65.114260022945,32251,40.3,42116,18.2,4.8,116,28.2,0.0697962853864996,2.56,0.225264332888903,17.8,13.7,57.1,0.36681033146259,0.0210226039502651,0.00468202536355462,0.149917832005209,0.333354004526991,0.249697683792751,0.512040557668,7.557,0.234318315711141,313.168583919878,536.417475427119,262.404932056182,410.493286261338,0.233667451658859,45023,64.5,56.1
Louisiana,Caddo,75215,104912,0.716934192466067,730,1674,-62,62.1598702464165,242922,36.4,40467,22.4,5.5,79,85.6,0.0807995982249446,2.44,0.238212265665522,13.4,23.5,290.2,0.493952791430994,0.0288364166275595,0.0127530647697615,0.142609561916994,0.301393039741152,0.275907492940121,0.463196421309,75.215,0.309626135138028,300.507981985987,689.110084718552,162.082310259834,585.753838322842,0.250873072791331,22017,64.6,59.5
North Carolina,Tyrrell,569,673,0.845468053491828,13,5,-5,242.072137496974,4131,41.4,36765,25.2,6.3,171,0,0.0772210118615347,2.37,0.193173565722585,24.5,9.7,11.3,0.37279109174534,0.0900508351488744,0.0217864923747277,0.179617526022755,0.277656741709029,0.187847978697652,0.569411764706,0.569,0.137739046235778,314.693778746066,121.036068748487,290.833062072765,478.19546555055,0.0862412145282666,37177,66.8,58.7
Ohio,Clark,24065,64710,0.371889970638232,542,1481,40,66.8722368763235,134585,40.5,50089,14.9,4.6,85,76.4,0.0888657725600921,2.45,0.161095218635063,12.5,18.6,348,0.0872459783779767,0.0351599360998625,0.00733365531077015,0.166601032804547,0.316870379314188,0.246505925623212,0.575494800403,24.065,0.178808931158747,402.719470966304,1100.41980904261,297.627551426321,989.773506725129,0.210595766675604,39023,53.4,46.5
Indiana,Wayne,6307,28041,0.224920651902571,570,1003,104,90.9973307449648,65936,40.2,45130,16,3.6,107,67,0.075421620965785,2.41,0.125530817762679,13.2,18.2,171.6,0.0485319097306479,0.0313334142198496,0.0104495268138801,0.171818126668284,0.320128609560786,0.243736350400388,0.626705767351,6.307,0.0956533608347488,864.474642077166,1521.17204562,485.020796852543,1230.98478483917,0.179473086628298,18177,52.5,45.7
New Mexico,Dona Ana,14858,42507,0.349542428305926,2104,3500,450,78.1530144077381,217522,32.4,38409,24.9,5.7,126,80.7,0.0700572815623247,2.71,0.28299206517042,20.6,27.5,55,0.016099520967994,0.68573293735806,0.0134055405889979,0.118981068581569,0.262019473892296,0.316970237493219,0.361995845595,14.858,0.0683057345923631,967.258484199299,1609.03264957108,483.86296260239,1510.00177529364,0.067838169576812,35013,63.9,55.2
North Carolina,Yancey,2180,3778,0.577024880889359,79,140,3,61.4422163883148,17903,45.5,44756,17.8,3.6,151,0,0.0613863598279618,2.31,0.16477685304139,15.8,20,57,0.00849019717365805,0.0545160029045411,0.00323968050047478,0.205105289616265,0.333798804669608,0.222197397084288,0.649163947798,2.18,0.121767301569569,441.266826788806,781.991844942188,290.833062072765,478.19546555055,0.0862412145282666,37199,55.3,46.8
Virginia,Henry,12748,26180,0.486936592818946,135,311,43,49.0648244460581,50953,44.7,36471,20,3.7,141,39.3,0.0789354895688183,2.31,0.185033265950974,21.2,12.8,141.6,0.221733754636626,0.0559927776578415,0.00671206798422075,0.209133907718878,0.343944419366867,0.21670951661335,0.632860293812,12.748,0.25019135281534,264.950052008714,610.366416108963,182.15043171941701,389.75378873485,0.211268319971917,51089,60,52
Georgia,Henry,16760,46062,0.363857409578394,551,1003,55,16.0715837025454,230220,35.3,72970,7.5,4.1,137,86.1,0.0771045087307793,2.89,0.12275649378855,9.6,28.3,633.1,0.45253670402224,0.0716401702719138,0.0343671270958214,0.0740509078272956,0.345834419251151,0.281083311614977,0.465548721401,16.76,0.0727999305012597,239.336287029798,435.670228477109,231.494442450788,416.646267993412,0.0937936541509914,13151,65.8,57.8
Oklahoma,Coal,1728,1845,0.936585365853659,26,101,2,163.04347826087,5520,41,39396,22.6,3.8,204,0,0.0766304347826087,2.5,0.17554347826087,16.6,17.6,11.5,0.00670289855072464,0.0445652173913043,0.00271739130434783,0.190760869565217,0.317572463768116,0.238768115942029,0.790639364814,1.728,0.31304347826087,471.014492753623,1829.7101449275399,410.821086770009,1037.46336302164,0.28217263717009,40029,60,56.1
Arkansas,Union,6499,7854,0.827476445123504,93,221,-7,71.5636661043807,39126,40.1,45335,18.2,5.6,91,45.5,0.0664519756683535,2.43,0.162117262178602,15.2,20.8,40.1,0.326330317435976,0.0412769002709196,0.00715636661043807,0.165644328579461,0.320349639625824,0.253437611818228,0.624372628229,6.499,0.166104380718704,237.69360527526501,564.841793181005,438.047995487462,753.062968155085,0.089176378854114,05139,61.8,57
Louisiana,St. James,5842,12590,0.464019062748213,18,87,0,142.605884869516,21037,37.9,53903,16.8,6.2,66,72.3,0.0516233303227647,2.84,0.185910538574892,14.7,14.3,91.5,0.488425155678091,0.0167324238246898,0.00389789418643343,0.135047772971431,0.320815705661454,0.276275134287208,0.451468762929,5.842,0.277701193135903,85.5635309217094,413.557066121595,162.082310259834,585.753838322842,0.250873072791331,22093,71.7,64.7
Florida,Taylor,7096,10189,0.696437334380214,73,71,29,64.7458724506313,21623,41.1,42307,21.6,3.8,142,30.7,0.0752439531979836,2.44,0.185589418674559,22.6,7.4,21.6,0.19280395874763,0.0450446284049392,0.00846321047033252,0.163159598575591,0.274661240345928,0.211857744068816,0.746093329023,7.096,0.3281690792212,337.603477778292,328.354067428201,243.862188120985,510.814309843152,0.295232266750237,12123,74.9,67.1
Georgia,Dooly,963,1705,0.564809384164223,22,34,-6,36.4803735590252,13706,40,37278,29.1,4.6,173,46.3,0.0572012257405516,2.45,0.177440536991099,24.8,11.3,38.1,0.489347730920765,0.0687290237852036,0.00715015321756895,0.149934335327594,0.29490733985116,0.195461841529257,0.505995828989,0.963,0.0702611994746826,160.513643659711,248.066540201372,231.494442450788,416.646267993412,0.0937936541509914,13093,70.5,61.9
Florida,Washington,9353,12384,0.755248708010336,93,122,-11,48.2315112540193,24880,40.3,39225,22.8,3.8,157,15.4,0.0853295819935691,2.5,0.157717041800643,18.8,11.7,42.7,0.145016077170418,0.0370176848874598,0.00594855305466238,0.153818327974277,0.305225080385852,0.223754019292604,0.774407753051,9.353,0.375924437299035,373.794212218649,490.353697749196,243.862188120985,510.814309843152,0.295232266750237,12133,72.2,65.4
Virginia,Martinsville City,2282,6121,0.372814899526221,49,140,-5,54.2551542396528,12902,43.6,33892,24.7,4.6,104,100,0.0758022012091149,2.21,0.286079677569369,17.2,21.3,1261.5,0.464734149744226,0.0607657727484111,0.0117036118431251,0.205317005115486,0.31491241667958503,0.235157339947295,0.365911799762,2.282,0.176871802821268,379.786079677569,1085.10308479306,182.15043171941701,389.75378873485,0.211268319971917,51690,60,52
Georgia,Towns,1128,3076,0.366710013003901,46,49,6,25.312183597705,11852,51.1,45853,16,5.5,177,0,0.101923725953426,2.17,0.0731522105973675,10.8,26.2,62.9,0.0118123523455957,0.0291933850826865,0.00750928113398583,0.258268646641917,0.281640229497131,0.154235572055349,0.799435028249,1.128,0.0951738103273709,388.120148498144,413.432332095849,231.494442450788,416.646267993412,0.0937936541509914,13281,59.7,51.2
Arizona,Greenlee,1073,3723,0.288208434058555,33,99,-31,84.3614889802805,9483,34.8,65818,10.5,4.3,73,53.4,0.0636929241801118,2.64,0.0783507328904355,11,11.9,4.6,0.0169777496572815,0.472951597595698,0.00949066751028156,0.107139091004956,0.284825477169672,0.307813982916798,0.583410422448,1.073,0.113149847094801,347.991142043657,1043.97342613097,203.364567829241,690.681650242416,0.0575562427939962,04011,63.1,51
Arizona,Yuma,10920,69380,0.157394061689248,674,2349,36,20.7421933926686,212128,33.8,44116,19.5,17,137,89.6,0.0748698898778096,2.93,0.194481633730578,27.9,14.8,35.5,0.0189178232010861,0.643125848544275,0.0158724920802534,0.144469376979937,0.24306079348318,0.276040880977523,0.505066365711,10.92,0.0514783526927138,317.732689696787,1107.35027907678,203.364567829241,690.681650242416,0.0575562427939962,04027,77.8,64.2
Oklahoma,Washington,17233,20431,0.843473153541187,175,415,-3,44.3647165480393,51843,41.1,53992,13,3.9,164,76.1,0.0729124471963428,2.39,0.251451497791409,9.3,28.6,122.7,0.0245934841733696,0.061339042879463,0.0229346295546168,0.175202052350366,0.300580599116563,0.258009760237641,0.711905619597,17.233,0.332407460987983,337.557625908994,800.493798584187,410.821086770009,1037.46336302164,0.28217263717009,40147,56.7,52
South Carolina,Greenwood,16636,32006,0.519777541710929,140,287,50,70.6803692342489,70741,37.9,43879,18.3,3.6,137,60.2,0.0754442261206373,2.43,0.168289959146747,16.3,23.5,153.2,0.317722395781796,0.0626369432153914,0.0136554473360569,0.149050762641184,0.304929248950397,0.255127860787945,0.590244755245,16.636,0.235167724516193,197.905033855897,405.705319404589,262.404932056182,410.493286261338,0.233667451658859,45047,65.8,57.8
Virginia,Madison,4337,8258,0.525187696778881,11,22,-1,75.2162467092892,13295,44.1,60450,10.1,2.4,123,0,0.064761188416698,2.58,0.0811583301993231,13,24.2,41.5,0.0893569010906356,0.0305377961639714,0.00676946220383603,0.175253854832644,0.347875141030463,0.226551335088379,0.637150274012,4.337,0.326212861978187,82.7378713802181,165.475742760436,182.15043171941701,389.75378873485,0.211268319971917,51113,57.1,50.7
South Carolina,Laurens,19767,30488,0.648353450537917,124,275,60,49.2581425202257,66994,39.9,42099,19.7,3.6,143,35.8,0.0707526047108696,2.51,0.168119533092516,19.5,15.4,93.2,0.248738693017285,0.0507209600859778,0.0057169298743171,0.149087978027883,0.326253097292295,0.247529629519061,0.633451688449,19.767,0.295056273696152,185.091202197212,410.484521001881,262.404932056182,410.493286261338,0.233667451658859,45059,64.9,57
Iowa,Kossuth,4018,9090,0.442024202420242,91,288,11,134.156157767642,14908,46.6,55486,10.1,2,52,34.4,0.0875368929433861,2.28,0.0730480279044808,5.6,18.3,16,0.0103300241481084,0.0285752616045076,0.00610410517842769,0.227998390126107,0.316675610410518,0.226053125838476,0.66278659612,4.018,0.269519720955192,610.410517842769,1931.84867185404,641.196273914113,1284.23641455756,0.223692212378581,19109,43.2,38.6
Iowa,Monroe,1813,4088,0.443493150684932,43,69,-9,89.8587933247753,7790,42.1,56541,11.6,2.9,59,44.8,0.0672657252888318,2.44,0.100513478818999,12,16.6,18.4,0.00667522464698331,0.02798459563543,0.00423620025673941,0.190243902439024,0.323748395378691,0.237483953786906,0.685483870968,1.813,0.232734274711168,551.98973042362,885.750962772786,641.196273914113,1284.23641455756,0.223692212378581,19135,47.8,45
Alabama,Escambia,14686,15956,0.920406116821259,65,107,11,76.194622836617,36748,39.2,38418,23.6,4.6,149,36.5,0.0687656471100468,2.48,0.224502013715032,18.5,12.7,40.6,0.314030695548057,0.0246816153260041,0.00304778491346468,0.158158267116578,0.293839120496354,0.234652225971481,0.67586932229,14.686,0.399640796778056,176.880374442146,291.172308697072,411.672075633747,619.738123203333,0.413973895792258,01053,70.3,62.5
Rhode Island,Bristol,7941,28415,0.279465071265177,97,392,23,47.2774363296265,48649,42.9,80231,7.7,3.5,30,98.9,0.0623239943267076,2.44,0.0647495323644885,9.9,47.1,2064,0.0123126888528027,0.0319431026331476,0.0223642829246233,0.171493761433945,0.352360788505416,0.227753910666201,0.360860232473,7.941,0.16323048777981,199.387448868425,805.771958313634,350.983387164658,1069.50152036054,0.189247291488345,44001,55.8,48.6
California,Del Norte,1904,11624,0.163799036476256,8,104,-2,64.6830530401035,27828,39.1,48518,20.4,5.5,73,66.3,0.0777634037659911,2.5,0.187041828374299,19,14.3,28.4,0.0329164869915193,0.200373724306454,0.0314431507833836,0.139176369124623,0.284389823199655,0.221503521632888,0.54844567888,1.904,0.0684202961046428,28.7480235733793,373.724306453931,146.156018965535,473.459473971519,0.061200232035798,06015,59,45.2
Pennsylvania,Crawford,31496,42004,0.749833349204838,187,823,59,79.9407497972091,85063,41.7,50805,13.4,4.7,82,36.3,0.083761447397811,2.42,0.153838919389159,10.7,20.8,87.7,0.0190447080399233,0.0136722194138462,0.00631296803545607,0.172954163384785,0.324371348294793,0.227137533357629,0.672384219554,31.496,0.370266743472485,219.837061942325,967.518192398575,206.1441111387,716.12063970966,0.335690470724741,42039,50.8,44.2
Georgia,Brantley,2169,3069,0.706744868035191,114,71,18,15.8755357993332,18897,37.8,41874,18.3,4.5,189,0.6,0.0601682806794729,2.66,0.209292480287876,20,8.2,41.6,0.0349790972111975,0.019897338201831,0.00285759644387998,0.119595703021644,0.337196380377838,0.258453722813145,0.884805091488,2.169,0.114780123829179,603.270360374663,375.721013917553,231.494442450788,416.646267993412,0.0937936541509914,13025,71.7,64.7
Louisiana,Winn,3434,6225,0.551646586345382,29,144,1,219.32927692090001,14134,39.5,40133,22.8,6.3,84,35.1,0.0607754351209849,2.48,0.210626857223716,18.7,14.4,16.1,0.306141219753785,0.0218621763124381,0.00240554690816471,0.155723786613839,0.278123673411632,0.220178293476723,0.723146984925,3.434,0.242960237724636,205.179000990519,1018.81986698741,162.082310259834,585.753838322842,0.250873072791331,22127,65.7,59
Oklahoma,Blaine,3079,3351,0.918830199940316,44,113,-14,94.8866631523458,9485,36.3,49513,16,2,160,42.6,0.063995782814971,2.46,0.180179230363732,17.5,16.6,12.9,0.030152872957301,0.11396942540854,0.00358460727464418,0.181760674749605,0.311755403268318,0.229309435951502,0.760348009491,3.079,0.324617817606748,463.890353189246,1191.35477069056,410.821086770009,1037.46336302164,0.28217263717009,40011,57.4,52.2
South Carolina,Lancaster,22018,49868,0.441525627657015,204,479,44,37.7437617949256,95380,39.7,58035,13.3,3.8,123,50,0.0651289578527993,2.51,0.119983224994758,13.6,26.9,139.6,0.211595722373663,0.0558293143216607,0.0154539735793667,0.123055147829734,0.314195848186203,0.242902075906899,0.609499702973,22.018,0.230845040889075,213.881316837912,502.201719438037,262.404932056182,410.493286261338,0.233667451658859,45057,64.4,56.3
Ohio,Lorain,60184,158732,0.379154801804299,480,2755,110,62.3665017562795,309461,40,59265,14.2,5.4,73,88.3,0.0678405356410016,2.51,0.116454092761285,10.3,24,613.6,0.078685197811679,0.102248748630684,0.0134718106643487,0.139374590012958,0.33248131428516,0.245594759921282,0.478185783073,60.184,0.194480079880825,155.108398150332,890.257576883678,297.627551426321,989.773506725129,0.210595766675604,39093,52.7,46.5
North Carolina,Ashe,4455,6611,0.6738768718802,96,158,46,77.4650485078756,27109,45.5,41864,16.9,3.6,154,15.1,0.063963997196503,2.29,0.153823453465639,15.8,19,64,0.00741451178575381,0.0518646943819396,0.00560699398723671,0.202921538972297,0.349846914308901,0.213582205171714,0.710714285714,4.455,0.164336567191708,354.125936036003,582.832269725921,290.833062072765,478.19546555055,0.0862412145282666,37009,54.5,45.9
Georgia,Polk,3535,6354,0.556342461441612,208,317,-44,16.4822227454674,42470,36.2,43679,21.8,4.2,188,48.6,0.0618083352955027,2.72,0.231222039086414,20.9,12.2,133.7,0.122957381681187,0.136566988462444,0.0073934542029668,0.13032728985166,0.303908641393925,0.275676948434189,0.777369684984,3.535,0.0832352248646103,489.757475865317,746.409230044737,231.494442450788,416.646267993412,0.0937936541509914,13233,64,55.1
Iowa,Carroll,4952,11335,0.436876929863255,231,260,31,64.5033244021038,20154,42.3,60531,8,1.9,46,48,0.0689193212265555,2.34,0.0860375111640369,6.5,22.2,36.6,0.0114121266249876,0.0250570606331249,0.00545797360325494,0.192219906718269,0.313734246303463,0.237223379974199,0.635074269286,4.952,0.245708048030168,1146.17445668354,1290.06648804208,641.196273914113,1284.23641455756,0.223692212378581,19027,45.8,42.1
Georgia,Coweta,24122,43114,0.559493436006866,322,951,84,17.824823122909,145864,36.6,70974,10.2,3.4,139,67.1,0.0677617506718587,2.77,0.0943001700213898,11.2,29.8,288.8,0.179070915373224,0.0714089837108539,0.0216845828991389,0.0907694839028136,0.345445072121977,0.270292875555312,0.693353991682,24.122,0.165373224373389,220.753578676027,651.977184226403,231.494442450788,416.646267993412,0.0937936541509914,13077,65.9,57.4
Ohio,Wood,27496,68103,0.40374139171549,387,1378,-9,72.6877639713534,130696,35.3,64282,11.9,4,64,70.5,0.0656408765379201,2.43,0.0496572198077982,5.9,33.1,203.3,0.0266878863928506,0.0568647854563261,0.0181872436799902,0.117746526290017,0.29158505233519,0.309542755707902,0.509480308893,27.496,0.210381342963824,296.106996388566,1054.35514476342,297.627551426321,989.773506725129,0.210595766675604,39173,52.6,46.4
Arkansas,Lafayette,625,927,0.674217907227616,44,35,10,374.139479197845,6682,43.3,35527,22.8,5.2,107,0,0.0633043998802754,2.39,0.179437294223286,18.3,16.5,14.5,0.359024244238252,0.0276863214606405,0.00523795270876983,0.221939539060162,0.34196348398683,0.225231966477103,0.617283950617,0.625,0.0935348697994612,658.485483388207,523.795270876983,438.047995487462,753.062968155085,0.089176378854114,05073,62.1,57.4
Ohio,Morgan,2347,6908,0.339751013317892,35,147,5,89.016707751301,14604,42.4,40557,17,6,84,18.5,0.0770336894001643,2.46,0.158244316625582,13.5,11.3,36.2,0.031498219665845,0.00979183785264311,0.00157491098329225,0.178786633798959,0.336140783347028,0.237880032867707,0.686009538951,2.347,0.160709394686387,239.660367022734,1006.57354149548,297.627551426321,989.773506725129,0.210595766675604,39115,54.6,46.8
Georgia,Toombs,2425,4736,0.512035472972973,87,85,3,18.5963476773162,26887,36,37148,24.9,5.8,187,48.9,0.0667608881615651,2.59,0.216982184698925,19.1,15.8,74.8,0.258712388886823,0.118867854353405,0.00836835645479228,0.139175066017034,0.297913489790605,0.268531260460446,0.725955204216,2.425,0.0901922862349834,323.576449585301,316.137910514375,231.494442450788,416.646267993412,0.0937936541509914,13279,71.1,62.8
Ohio,Adams,5006,12280,0.407654723127036,73,340,23,75.746645505699,27724,39.6,42154,19.7,7.1,98,11,0.0662602799018901,2.53,0.192468619246862,20.8,12.9,48.9,0.00461693839272832,0.0103520415524455,0.003606983119319,0.152575385947194,0.339561390852691,0.238421584186986,0.763355328573,5.006,0.180565574953109,263.309767710287,1226.37426056846,297.627551426321,989.773506725129,0.210595766675604,39001,55.4,47.5
Florida,Gadsden,16250,23920,0.679347826086957,50,171,4,54.4733516363795,45894,38.9,42259,23.6,4.6,154,34.6,0.0691157885562383,2.61,0.236131084673378,20.7,16.7,89.8,0.551226739878851,0.105089989976903,0.00729942911927485,0.137774000958731,0.31598901817231,0.233472785113522,0.304406902487,16.25,0.354076785636467,108.946703272759,372.597725192836,243.862188120985,510.814309843152,0.295232266750237,12039,73,65.8
